,having_IP_Address,URL_Length,Shortining_Service,having_At_Symbol,double_slash_redirecting,Prefix_Suffix,having_Sub_Domain,SSLfinal_State,Domain_registeration_length,Favicon,port,HTTPS_token,Request_URL,URL_of_Anchor,Links_in_tags,SFH,Submitting_to_email,Abnormal_URL,Redirect,on_mouseover,RightClick,popUpWidnow,Iframe,age_of_domain,DNSRecord,web_traffic,Page_Rank,Google_Index,Links_pointing_to_page,Statistical_report,Result
5476,1,1,1,1,1,-1,1,-1,-1,1,1,1,1,0,1,-1,1,1,0,1,1,1,1,1,1,1,1,1,0,-1,-1
9113,-1,-1,-1,-1,-1,-1,1,1,1,1,1,-1,-1,1,1,-1,1,-1,1,1,1,1,1,1,-1,-1,-1,1,1,1,1
5322,-1,-1,-1,1,-1,-1,0,-1,-1,1,1,-1,1,-1,-1,-1,1,-1,0,1,1,1,1,-1,-1,1,1,-1,1,-1,-1
5624,1,-1,1,1,1,-1,0,-1,1,1,1,1,-1,-1,-1,-1,1,1,1,-1,1,1,1,-1,1,-1,1,1,0,-1,-1
3633,-1,-1,-1,1,-1,-1,1,1,1,1,1,-1,-1,0,1,-1,1,-1,1,1,1,1,1,1,-1,1,1,1,1,1,1
2121,1,1,1,1,1,-1,-1,1,-1,1,1,1,1,-1,-1,1,1,1,0,1,1,1,1,-1,-1,0,-1,-1,0,1,-1
8838,1,-1,1,-1,1,-1,0,-1,-1,-1,-1,1,-1,-1,1,-1,-1,1,0,-1,1,-1,-1,1,1,1,-1,1,0,1,-1
7323,-1,-1,1,-1,1,-1,-1,-1,-1,-1,-1,1,1,-1,0,0,-1,1,0,-1,1,-1,-1,-1,1,0,-1,1,1,1,-1
10466,-1,1,-1,1,1,1,1,1,-1,1,1,-1,1,0,1,-1,1,1,0,1,1,1,1,1,1,-1,1,1,-1,1,1
10721,-1,-1,-1,-1,1,-1,1,1,1,-1,-1,1,-1,1,1,-1,1,1,0,-1,-1,-1,-1,1,1,-1,-1,1,1,1,1
1930,1,-1,1,1,1,-1,-1,-1,-1,1,1,1,-1,-1,-1,-1,1,1,0,1,1,1,1,-1,-1,-1,-1,1,1,1,-1
7834,-1,-1,-1,-1,-1,1,1,1,-1,1,1,-1,1,1,1,-1,-1,-1,0,1,1,1,1,-1,-1,1,-1,1,0,1,1
8490,1,-1,1,1,1,-1,-1,0,1,1,1,1,-1,0,-1,-1,1,1,0,1,1,1,1,1,1,-1,-1,1,0,-1,-1
6769,1,-1,1,1,1,-1,0,1,-1,1,1,1,1,1,0,-1,1,1,0,1,1,1,1,-1,1,0,-1,1,0,1,1
7740,1,-1,1,1,1,-1,0,-1,-1,1,1,1,-1,-1,-1,-1,1,1,0,1,1,1,1,-1,1,-1,1,1,0,1,-1
10053,-1,-1,1,-1,1,-1,1,1,-1,-1,-1,1,1,0,0,-1,-1,1,0,-1,1,-1,-1,1,1,-1,-1,1,1,1,1
10972,-1,-1,1,-1,1,-1,0,-1,1,-1,-1,1,-1,-1,0,-1,-1,1,0,-1,1,-1,-1,1,1,0,-1,-1,1,1,-1
9775,1,1,1,1,1,-1,1,1,-1,1,1,1,1,0,0,0,1,1,0,1,1,1,1,1,1,1,1,1,0,1,1
9597,-1,-1,-1,1,-1,-1,1,1,-1,1,1,-1,1,0,1,1,1,-1,1,1,1,1,1,1,-1,0,-1,1,1,1,1
4355,-1,1,-1,1,-1,-1,-1,1,-1,1,1,-1,1,0,0,1,1,-1,1,1,1,1,1,-1,-1,1,-1,1,1,1,1
3932,1,-1,1,1,1,-1,0,0,-1,1,1,1,-1,-1,0,-1,1,1,0,1,1,1,1,1,1,-1,-1,1,0,1,-1
10379,-1,-1,1,-1,1,-1,0,-1,1,-1,-1,1,-1,-1,0,-1,-1,1,0,-1,-1,-1,-1,1,1,1,-1,1,1,1,-1
3311,1,-1,1,1,1,-1,1,1,1,1,1,1,-1,-1,0,-1,1,1,0,1,1,1,1,1,-1,-1,-1,-1,0,1,-1
7612,-1,-1,1,1,1,-1,1,1,-1,1,1,1,1,0,1,-1,1,1,0,1,1,1,1,-1,1,0,1,1,0,1,-1
10691,1,-1,1,1,1,-1,1,-1,1,1,1,1,-1,0,-1,-1,1,1,0,1,1,1,1,1,1,0,-1,1,0,1,-1
5079,1,-1,1,1,1,-1,1,1,-1,1,1,1,1,1,-1,-1,1,1,0,1,1,1,1,1,-1,1,1,1,1,1,1
6963,1,-1,1,1,1,-1,1,1,-1,1,1,1,1,0,-1,0,1,1,0,1,1,1,1,-1,1,1,-1,1,0,1,1
6439,1,-1,1,1,1,1,1,1,-1,1,1,1,1,1,-1,1,1,1,0,1,1,1,1,-1,1,0,1,1,0,1,1
933,1,-1,1,1,1,-1,-1,-1,-1,1,1,1,1,0,-1,-1,1,1,0,1,1,1,1,-1,1,0,-1,1,0,1,1
9627,1,1,1,1,1,-1,1,1,-1,1,1,1,1,1,0,0,1,1,0,1,1,1,1,-1,1,0,1,1,0,1,1
4258,1,-1,1,1,1,-1,1,1,1,1,1,1,-1,1,0,-1,1,1,0,1,1,1,1,1,1,1,1,1,0,1,1
6829,1,1,1,1,1,-1,1,0,1,1,1,1,-1,-1,0,0,1,1,0,1,1,1,1,1,1,-1,-1,1,0,1,-1
4716,-1,-1,-1,1,-1,-1,1,1,-1,1,1,-1,-1,0,-1,-1,1,-1,1,1,1,1,1,1,-1,1,1,-1,1,1,1
1404,1,-1,1,1,1,-1,-1,-1,-1,1,1,1,1,0,-1,-1,1,1,0,1,1,1,1,-1,1,1,-1,1,0,1,-1
9332,-1,-1,1,1,1,-1,0,1,-1,1,1,1,1,0,0,-1,1,1,0,1,1,1,1,-1,1,1,-1,1,0,1,-1
10861,1,-1,1,1,1,-1,0,1,-1,1,1,-1,1,-1,-1,-1,1,1,0,1,1,1,1,1,1,1,-1,1,0,1,-1
866,1,-1,1,1,1,-1,-1,1,-1,1,1,1,-1,0,-1,-1,1,1,0,1,1,1,1,-1,1,1,-1,1,0,1,-1
6560,-1,-1,1,-1,1,-1,1,1,1,-1,-1,1,-1,1,1,-1,-1,1,0,-1,-1,-1,-1,-1,1,1,-1,1,1,1,1
4944,1,-1,1,1,1,-1,-1,1,1,1,1,1,-1,0,0,-1,1,1,0,1,1,1,1,1,1,1,-1,-1,0,1,1
3891,1,0,1,1,1,-1,-1,-1,1,-1,1,1,-1,-1,0,-1,1,1,0,-1,1,-1,1,-1,1,0,1,1,0,1,-1
4282,-1,-1,-1,1,-1,1,1,1,-1,1,1,-1,1,1,1,-1,1,-1,1,1,1,1,1,1,1,1,-1,1,1,1,1
3860,1,-1,1,1,1,-1,-1,-1,-1,1,1,1,1,0,-1,-1,1,1,0,1,1,1,1,1,1,1,-1,1,0,1,-1
8700,-1,-1,1,1,1,-1,0,0,-1,1,1,1,1,0,-1,-1,1,1,0,1,1,1,1,1,1,1,-1,1,0,1,-1
10947,1,1,1,1,1,-1,0,1,-1,1,1,1,1,0,-1,-1,-1,1,0,1,1,1,1,1,1,1,1,-1,0,1,1
4004,1,-1,1,1,1,-1,0,1,1,1,1,1,-1,0,1,-1,1,1,0,1,1,1,1,-1,-1,1,-1,1,1,1,1
3546,1,1,1,1,1,-1,0,0,1,1,1,1,-1,-1,0,1,1,1,0,1,1,1,1,1,-1,0,-1,1,0,1,-1
4898,1,-1,1,1,1,1,1,1,1,1,1,1,-1,1,-1,-1,1,1,0,1,1,1,1,1,-1,-1,-1,1,1,1,1
8421,-1,-1,1,-1,1,-1,-1,-1,-1,-1,-1,-1,-1,-1,1,-1,-1,1,0,-1,1,-1,-1,1,1,1,-1,1,0,1,-1
1187,1,-1,1,1,1,-1,-1,-1,-1,1,1,1,-1,-1,-1,-1,1,1,0,1,1,1,1,-1,-1,0,-1,1,0,1,-1
7235,-1,-1,1,1,1,-1,-1,-1,-1,1,1,1,1,-1,0,-1,1,1,0,1,1,1,1,-1,1,-1,-1,1,-1,1,-1
4862,-1,-1,-1,1,-1,1,1,1,1,1,1,-1,1,0,0,-1,1,1,0,1,1,1,1,1,1,1,-1,1,1,1,1
9972,1,-1,1,1,1,-1,1,1,1,1,1,1,-1,0,0,0,1,1,0,1,1,1,1,-1,1,1,-1,1,0,1,1
2679,1,-1,1,1,1,1,-1,1,-1,-1,1,1,1,0,1,-1,1,-1,0,1,1,-1,1,1,-1,1,-1,1,1,-1,1
10604,1,-1,1,1,1,-1,1,1,-1,1,1,1,1,1,1,1,1,1,0,1,1,1,1,1,1,-1,-1,1,0,-1,1
9124,-1,-1,1,1,1,-1,0,-1,1,1,1,1,-1,-1,-1,-1,1,1,0,1,1,1,1,1,1,1,-1,1,1,1,-1
5438,-1,1,-1,-1,-1,-1,-1,-1,-1,-1,-1,-1,1,-1,1,-1,-1,-1,0,-1,-1,-1,-1,1,-1,-1,-1,-1,1,-1,-1
3501,1,-1,1,1,1,-1,1,1,1,1,1,1,-1,1,0,-1,1,1,0,1,1,1,1,1,1,1,1,1,0,1,1
1546,1,-1,1,1,1,-1,-1,1,1,1,1,1,1,0,0,-1,1,1,0,1,1,1,1,1,1,1,-1,1,0,1,1
5913,-1,-1,1,1,1,-1,0,-1,1,1,1,1,-1,-1,0,-1,1,1,0,1,1,1,1,-1,1,0,1,1,0,1,-1
10010,-1,-1,1,-1,1,-1,1,1,1,-1,-1,1,-1,1,0,-1,-1,1,0,-1,1,-1,-1,-1,1,0,-1,1,1,1,1
3255,1,-1,1,1,1,-1,-1,-1,1,1,1,1,-1,-1,-1,-1,1,1,0,1,1,1,1,-1,-1,-1,-1,1,0,1,-1
313,1,-1,1,1,1,-1,1,1,-1,1,1,-1,1,1,1,-1,1,1,0,1,1,1,1,1,-1,-1,-1,1,1,1,1
5167,-1,1,1,1,1,1,0,1,-1,1,1,1,1,0,0,1,1,1,0,1,1,1,1,-1,1,1,1,1,0,1,1
10748,-1,1,-1,-1,-1,-1,-1,-1,-1,-1,-1,-1,1,-1,1,-1,-1,-1,1,-1,-1,-1,-1,1,-1,0,1,1,1,1,-1
299,1,-1,1,1,1,-1,-1,-1,1,1,1,-1,-1,-1,0,-1,1,-1,0,1,1,1,1,-1,-1,-1,-1,1,1,-1,-1
4909,-1,-1,-1,1,-1,-1,0,1,1,1,1,-1,-1,0,1,-1,1,-1,1,1,1,1,1,1,1,1,-1,1,1,1,1
1154,1,-1,1,1,1,-1,1,1,-1,1,1,1,1,0,0,-1,1,1,0,1,1,1,1,1,1,1,-1,1,0,1,1
7244,1,-1,1,1,1,-1,1,1,-1,1,1,1,1,0,-1,1,1,1,0,1,1,1,1,-1,1,1,1,1,0,1,1
6978,1,-1,1,1,1,-1,-1,-1,-1,1,1,1,1,0,0,-1,1,1,0,1,1,1,1,-1,1,1,-1,1,0,1,1
189,1,-1,1,1,1,1,-1,1,-1,-1,1,1,1,0,1,-1,1,-1,0,1,1,-1,1,1,-1,1,-1,1,1,-1,1
5548,-1,-1,1,1,1,-1,0,-1,1,1,1,1,-1,1,-1,-1,1,1,1,1,1,1,1,-1,1,-1,1,1,1,-1,-1
5391,-1,-1,1,1,1,-1,0,1,1,1,1,1,-1,0,0,-1,1,1,0,1,1,1,1,-1,1,1,-1,1,1,1,1
9381,-1,1,1,1,1,-1,0,-1,1,1,1,1,-1,0,-1,-1,1,1,0,1,1,1,1,1,1,0,1,1,0,1,-1
4037,-1,-1,-1,-1,-1,-1,-1,-1,-1,1,1,-1,-1,-1,1,-1,1,-1,1,1,1,1,1,-1,1,-1,-1,1,0,1,-1
6382,1,-1,1,1,1,-1,0,-1,-1,1,1,1,-1,0,-1,-1,1,1,1,1,1,1,1,-1,1,1,-1,1,0,1,-1
5140,-1,1,1,1,1,-1,0,-1,-1,1,-1,1,-1,-1,-1,-1,1,-1,0,1,1,-1,1,-1,1,-1,1,1,0,1,-1
8932,-1,-1,-1,1,-1,1,1,1,-1,1,1,-1,1,1,1,-1,1,-1,1,1,1,1,1,1,-1,1,-1,1,1,1,1
6164,-1,-1,1,1,1,-1,0,-1,1,1,1,1,-1,0,-1,-1,1,1,0,1,1,1,1,-1,1,1,-1,1,1,1,1
2840,1,1,1,1,1,-1,0,1,-1,1,1,1,1,1,0,1,1,1,0,1,1,1,1,-1,1,1,-1,1,0,1,1
3253,-1,-1,-1,1,-1,-1,0,-1,-1,1,1,-1,1,-1,1,-1,1,-1,1,1,1,-1,1,-1,-1,-1,-1,1,1,-1,-1
10964,1,-1,1,1,1,-1,0,0,-1,1,1,1,-1,-1,0,-1,1,1,0,1,1,1,1,1,1,1,-1,1,0,1,-1
1128,1,-1,1,1,1,-1,0,1,-1,1,1,1,1,0,0,-1,1,1,0,1,1,1,1,-1,1,1,-1,1,0,1,1
2239,1,-1,1,1,1,1,0,-1,1,1,1,1,-1,0,0,-1,1,1,0,1,1,1,1,1,-1,1,-1,1,1,1,1
5291,-1,-1,1,1,1,-1,1,1,1,1,1,1,1,0,-1,-1,1,1,0,1,1,1,1,-1,1,0,1,1,1,1,1
6839,-1,0,1,-1,1,-1,0,0,1,1,1,1,-1,-1,-1,-1,-1,-1,0,1,1,1,1,-1,1,1,-1,1,1,1,-1
10160,1,-1,1,1,1,-1,0,1,1,1,1,1,-1,0,-1,-1,1,1,0,1,1,1,1,1,1,1,-1,1,0,1,1
9272,1,-1,1,1,1,-1,1,1,1,1,1,1,-1,0,1,-1,1,1,0,1,1,1,1,-1,1,1,-1,1,0,1,1
1265,1,-1,1,-1,1,-1,0,-1,-1,1,1,1,1,-1,0,-1,1,1,0,1,1,1,1,-1,1,-1,-1,1,0,1,-1
1826,-1,-1,-1,1,-1,-1,0,1,1,1,1,-1,-1,1,-1,-1,1,-1,1,1,1,1,1,-1,-1,1,-1,1,1,-1,1
5943,1,-1,1,1,1,-1,0,-1,-1,1,1,1,1,-1,0,-1,1,1,0,1,1,1,1,-1,1,1,1,1,0,-1,-1
1170,1,-1,1,1,1,1,1,1,-1,-1,-1,1,1,1,0,-1,-1,1,0,-1,1,-1,-1,1,-1,1,-1,1,0,-1,1
5453,-1,-1,1,1,1,-1,0,1,-1,-1,-1,1,1,-1,-1,-1,-1,1,0,1,1,-1,1,-1,1,0,1,1,1,-1,-1
2586,1,-1,1,1,1,-1,0,1,-1,1,1,1,-1,-1,1,-1,1,1,0,1,1,1,1,1,1,0,-1,1,0,1,-1
9202,1,1,1,-1,1,-1,0,1,-1,-1,-1,1,1,0,1,-1,-1,1,0,-1,-1,-1,-1,1,1,1,1,1,1,1,1
3296,1,-1,1,1,1,-1,1,1,-1,1,1,1,1,0,0,-1,1,1,0,1,1,1,1,1,1,1,-1,1,0,1,1
4127,1,-1,1,1,1,-1,-1,1,1,1,1,1,-1,-1,-1,-1,1,1,0,1,1,1,1,-1,1,-1,-1,1,0,1,-1
652,1,-1,1,1,1,-1,-1,1,-1,1,1,1,-1,0,0,-1,1,1,0,1,1,1,1,1,1,1,1,1,0,1,1
733,1,-1,1,1,1,-1,1,1,1,1,1,1,-1,-1,-1,-1,1,1,0,1,1,1,1,1,1,-1,-1,1,0,1,-1
7414,-1,-1,-1,-1,-1,1,1,1,1,1,1,-1,-1,1,0,1,-1,-1,0,1,1,1,1,-1,-1,1,1,1,1,1,1
7268,1,-1,1,1,1,-1,0,-1,1,1,1,1,-1,0,-1,-1,1,1,1,1,1,1,1,-1,1,0,-1,1,0,1,-1
3169,1,-1,1,1,1,-1,1,1,-1,1,1,1,1,1,-1,-1,1,1,0,1,1,1,1,1,-1,1,1,1,1,1,1
6177,1,-1,1,1,1,1,1,1,-1,1,1,1,1,1,0,-1,1,1,0,1,1,1,1,-1,1,1,1,1,0,1,1
5606,1,-1,1,-1,1,-1,0,-1,1,1,1,1,-1,0,-1,-1,1,1,1,1,1,1,1,-1,1,0,-1,1,0,1,-1
600,1,-1,1,1,1,-1,0,0,-1,1,1,1,-1,-1,-1,-1,1,1,0,1,1,1,1,1,-1,-1,-1,1,1,1,-1
5376,1,-1,1,1,1,-1,1,1,-1,1,1,1,1,1,0,-1,1,1,0,1,1,1,1,-1,1,1,1,1,0,1,1
895,-1,-1,-1,1,-1,-1,0,1,-1,1,1,-1,1,0,0,-1,1,-1,1,1,1,1,1,1,-1,1,-1,1,1,1,1
2027,1,-1,1,1,1,-1,0,0,-1,1,1,1,1,-1,0,-1,-1,1,0,1,1,1,1,1,-1,-1,-1,-1,0,1,-1
7636,1,1,-1,-1,1,-1,1,1,-1,1,1,1,1,0,1,0,1,1,0,1,1,1,1,-1,1,-1,1,1,1,1,1
2664,1,-1,1,1,1,-1,1,1,-1,-1,-1,1,1,0,1,-1,-1,-1,0,-1,1,-1,1,1,-1,1,1,1,0,-1,1
2706,1,1,1,1,1,1,-1,1,-1,1,1,1,1,1,0,1,1,1,0,1,1,1,1,-1,1,1,-1,1,0,1,1
395,-1,1,-1,1,-1,-1,0,0,-1,1,1,-1,1,-1,0,1,1,1,0,1,1,1,1,1,-1,1,-1,1,-1,1,-1
5491,1,-1,1,1,-1,-1,0,-1,1,1,1,1,-1,-1,0,0,1,1,0,1,1,1,1,-1,1,-1,1,1,0,1,-1
6939,-1,-1,1,1,1,-1,1,1,1,1,1,1,-1,0,0,1,1,1,1,1,1,1,1,-1,1,0,1,1,0,1,1
8496,1,-1,1,1,1,-1,0,1,1,1,1,1,-1,0,0,1,1,1,0,1,1,1,1,1,1,1,-1,1,0,1,1
6404,1,1,1,1,1,-1,-1,-1,1,1,1,1,-1,0,-1,-1,1,1,0,1,1,1,1,1,1,0,-1,1,0,1,-1
6775,-1,-1,1,1,1,-1,0,0,-1,1,1,1,1,-1,0,-1,1,1,0,1,1,1,1,-1,1,0,-1,1,0,1,-1
8887,-1,-1,1,1,1,-1,1,0,1,-1,-1,1,1,-1,1,-1,-1,1,0,1,1,-1,1,1,1,0,-1,1,1,1,-1
1016,1,-1,1,1,1,-1,1,-1,1,1,1,1,-1,-1,1,-1,1,1,0,1,1,1,1,1,-1,-1,-1,1,1,1,-1
8498,-1,-1,1,-1,1,-1,1,1,-1,1,1,1,-1,-1,-1,-1,1,1,0,1,1,1,1,1,1,1,-1,-1,0,1,-1
8011,-1,-1,1,1,1,-1,1,0,1,1,1,1,-1,-1,0,-1,1,1,0,1,1,1,1,-1,1,0,-1,1,1,1,-1
2552,1,1,1,-1,1,-1,1,1,-1,1,1,1,-1,0,1,-1,1,-1,0,-1,1,-1,1,-1,-1,0,-1,-1,-1,-1,-1
388,-1,0,-1,1,-1,-1,1,1,-1,1,1,-1,1,0,0,-1,-1,-1,0,1,1,1,1,1,1,1,-1,1,-1,-1,1
1797,1,-1,1,1,1,-1,-1,1,1,1,1,1,-1,0,0,-1,1,1,0,1,1,1,1,-1,-1,1,-1,1,1,1,1
1646,1,-1,1,1,1,-1,-1,-1,-1,1,1,1,1,-1,-1,-1,1,1,0,1,1,1,1,-1,1,-1,-1,1,0,1,-1
1119,1,-1,1,1,1,-1,-1,1,1,1,1,1,-1,1,-1,-1,1,1,0,1,1,1,1,1,1,-1,-1,1,0,1,1
6435,-1,-1,1,1,1,-1,1,0,1,1,1,1,-1,-1,0,-1,1,1,0,1,1,1,1,-1,1,0,-1,1,1,1,-1
5672,-1,-1,1,1,1,-1,0,-1,1,1,1,1,1,-1,0,-1,1,1,0,1,1,1,1,-1,1,0,1,1,0,1,-1
9997,-1,-1,1,1,1,-1,0,-1,-1,1,1,1,1,-1,-1,0,1,1,0,1,1,1,1,1,1,0,-1,1,1,1,-1
10658,1,-1,1,1,-1,-1,0,0,1,1,1,1,-1,0,-1,-1,1,1,1,1,1,1,1,1,1,1,-1,-1,1,1,-1
5484,-1,0,-1,1,1,-1,1,1,-1,1,1,-1,1,0,1,1,1,1,0,1,1,1,1,-1,1,1,1,1,0,1,1
3427,1,-1,1,1,1,-1,-1,-1,-1,-1,-1,1,1,-1,0,-1,-1,1,0,1,1,-1,1,-1,1,-1,-1,1,0,1,-1
7533,-1,-1,1,1,1,-1,-1,1,-1,1,1,1,1,0,-1,-1,1,1,0,1,1,1,1,-1,1,0,-1,1,1,1,-1
265,1,-1,1,1,1,-1,-1,1,-1,1,1,1,-1,0,-1,-1,-1,1,0,1,1,1,1,1,1,-1,-1,1,0,1,1
1296,1,-1,1,1,1,-1,0,0,1,1,1,1,-1,-1,0,-1,1,1,0,1,1,1,1,1,-1,0,-1,1,1,1,-1
9311,1,-1,1,1,1,-1,1,1,-1,1,1,1,1,0,0,1,1,1,0,1,1,1,1,1,1,1,-1,1,0,1,1
4201,1,-1,1,1,1,-1,1,1,-1,1,1,-1,1,1,1,-1,1,1,0,1,1,1,1,1,-1,-1,-1,1,1,1,1
2677,1,-1,1,1,1,1,-1,1,1,1,1,1,-1,0,1,-1,1,1,0,1,1,1,1,1,-1,1,-1,1,1,1,1
10437,1,-1,1,1,1,-1,0,-1,-1,1,1,1,-1,0,0,-1,1,1,0,1,1,1,1,1,1,1,-1,-1,0,1,-1
7239,-1,-1,1,1,1,-1,0,-1,-1,1,1,1,1,-1,-1,-1,1,1,0,1,1,1,1,-1,1,-1,-1,1,0,1,-1
10129,1,-1,1,1,1,-1,1,1,1,1,1,1,-1,0,0,0,1,1,0,1,1,1,1,-1,1,0,-1,1,1,1,1
9698,1,-1,1,1,1,-1,-1,0,-1,1,1,1,-1,-1,0,-1,1,1,0,1,1,1,1,1,1,0,-1,1,0,1,-1
736,1,-1,1,1,1,-1,0,-1,-1,1,1,1,-1,1,1,-1,1,1,0,1,1,1,1,-1,-1,-1,-1,1,1,1,1
132,1,-1,1,1,1,1,-1,1,-1,-1,1,-1,1,1,1,-1,1,-1,0,-1,1,-1,1,1,-1,1,-1,1,-1,-1,1
1367,1,-1,1,1,1,-1,-1,1,-1,-1,1,1,1,1,1,-1,1,1,0,1,1,-1,1,1,-1,1,1,-1,1,1,1
10400,-1,1,1,1,1,-1,1,1,-1,-1,1,1,1,0,-1,0,1,1,0,1,1,-1,1,1,1,1,1,1,1,1,1
5894,-1,-1,1,1,1,-1,-1,1,-1,1,1,1,1,0,0,-1,1,1,1,1,1,1,1,-1,1,0,1,1,1,1,1
903,-1,-1,-1,1,-1,-1,0,-1,-1,1,1,-1,1,-1,1,-1,1,-1,1,1,1,1,1,-1,1,-1,-1,1,0,1,-1
8563,1,1,1,-1,1,1,0,1,-1,1,1,1,1,0,0,-1,-1,-1,0,1,1,1,1,1,1,1,1,1,0,1,1
2191,1,1,1,-1,1,-1,0,1,1,-1,-1,1,-1,-1,-1,-1,1,1,0,-1,-1,-1,-1,1,-1,0,-1,1,0,-1,-1
7416,-1,-1,1,1,1,-1,0,-1,1,1,1,1,1,-1,0,-1,1,1,0,1,1,1,1,-1,1,-1,-1,1,0,-1,-1
6561,1,-1,1,1,1,-1,1,1,-1,1,1,1,1,1,0,-1,1,1,0,1,1,1,1,-1,1,0,1,1,0,1,1
9302,1,-1,1,1,1,-1,1,1,-1,1,1,1,1,0,-1,1,1,1,0,1,1,1,1,1,1,1,-1,1,0,1,1
2670,1,-1,1,1,1,1,-1,1,-1,1,1,1,1,0,-1,-1,1,1,0,1,1,1,1,1,-1,1,1,1,1,1,1
5469,1,-1,1,1,1,-1,1,1,-1,1,1,1,1,0,0,-1,1,1,0,1,1,1,1,-1,1,1,1,1,0,1,1
5698,-1,-1,1,-1,1,-1,0,1,-1,1,1,1,-1,0,1,-1,1,1,1,1,1,1,1,-1,1,0,-1,1,0,1,-1
3938,-1,-1,-1,1,-1,1,-1,1,1,1,1,-1,-1,1,1,-1,1,-1,1,1,1,1,1,1,-1,1,-1,1,1,1,1
2662,-1,1,-1,1,-1,-1,-1,1,-1,1,1,-1,1,1,-1,1,1,-1,1,1,1,1,1,-1,-1,1,-1,1,1,1,1
9584,1,-1,1,1,1,-1,0,1,1,-1,1,1,-1,1,0,-1,1,1,0,1,1,-1,1,1,1,-1,-1,1,0,1,1
10754,-1,-1,-1,-1,-1,-1,1,-1,1,1,1,-1,-1,-1,1,-1,1,-1,0,-1,1,-1,-1,1,1,0,-1,-1,1,1,-1
6661,-1,-1,1,1,1,-1,1,0,-1,1,1,1,-1,-1,-1,-1,1,1,0,1,1,1,1,-1,1,-1,-1,1,1,1,-1
10235,1,-1,1,1,1,-1,1,1,1,1,1,1,1,0,0,1,1,1,0,1,1,1,1,1,1,1,-1,1,0,1,1
2109,1,-1,1,1,1,-1,0,0,1,1,1,1,1,-1,-1,-1,1,1,0,1,1,1,1,1,-1,-1,-1,1,0,1,-1
1565,1,-1,1,1,1,-1,1,1,1,1,1,1,-1,0,0,-1,1,1,0,1,1,1,1,1,1,1,1,-1,0,1,1
5490,1,1,1,1,1,-1,1,1,-1,1,1,1,1,0,1,-1,1,1,0,1,1,1,1,1,1,1,1,1,0,1,1
5190,1,1,1,-1,1,-1,0,1,-1,1,1,1,1,0,0,-1,1,-1,0,1,1,1,1,-1,1,0,1,1,0,1,1
10703,-1,-1,1,1,1,-1,-1,0,1,1,1,1,-1,-1,-1,-1,1,1,0,1,1,1,1,1,1,0,-1,1,1,1,-1
642,1,1,1,1,1,-1,-1,-1,-1,1,1,1,1,-1,-1,1,1,1,0,1,1,1,1,-1,-1,-1,-1,-1,1,1,-1
6369,1,-1,-1,-1,-1,-1,1,0,-1,1,1,-1,-1,-1,-1,0,1,-1,0,1,1,1,1,-1,-1,-1,1,-1,0,1,-1
9953,-1,-1,1,-1,1,-1,1,1,1,-1,-1,1,-1,1,1,-1,-1,1,0,-1,-1,-1,-1,1,1,-1,-1,1,1,1,1
7948,-1,-1,-1,1,-1,-1,1,-1,-1,1,1,-1,1,0,0,1,1,-1,0,1,1,1,1,-1,-1,1,1,-1,1,1,1
7095,-1,-1,-1,-1,-1,-1,0,-1,1,-1,-1,-1,-1,-1,1,-1,-1,-1,1,-1,1,-1,-1,-1,-1,-1,-1,-1,1,1,-1
6533,1,1,1,-1,1,-1,1,1,-1,-1,-1,1,1,1,-1,-1,-1,1,0,1,1,-1,1,1,1,1,1,1,1,1,1
6070,1,-1,1,1,1,-1,1,1,-1,1,1,1,1,0,0,1,-1,1,1,1,1,-1,-1,-1,1,1,-1,1,0,1,1
5154,1,-1,1,-1,1,-1,0,0,-1,1,1,1,1,-1,0,-1,1,1,0,1,1,1,1,1,1,-1,-1,1,0,1,-1
5637,1,-1,1,1,1,-1,0,1,1,1,1,1,1,-1,-1,-1,1,1,0,1,1,1,1,-1,1,1,1,1,0,-1,-1
4637,1,-1,1,1,1,-1,-1,-1,-1,1,1,1,1,0,-1,-1,1,1,0,1,1,1,1,1,1,1,-1,-1,0,1,-1
4167,1,-1,1,1,1,-1,0,1,1,1,1,1,-1,0,1,-1,1,1,0,1,1,1,1,1,-1,1,-1,1,1,1,1
7046,1,-1,1,1,1,-1,1,1,-1,1,1,1,-1,0,-1,0,-1,1,0,1,1,1,1,-1,1,-1,-1,1,0,1,1
4383,1,-1,1,1,1,-1,-1,1,-1,1,1,1,1,0,0,-1,1,1,0,1,1,1,1,1,1,1,-1,1,0,1,1
7518,-1,-1,-1,-1,-1,-1,0,-1,-1,-1,1,-1,-1,-1,1,-1,-1,-1,0,-1,1,-1,1,-1,-1,0,1,-1,0,1,-1
7407,1,1,1,1,1,-1,1,1,-1,1,1,1,1,0,1,0,1,1,0,1,1,1,1,1,1,1,1,1,0,-1,1
54,1,-1,1,1,1,-1,0,1,-1,1,1,1,1,0,1,-1,1,1,0,1,1,1,1,-1,-1,1,-1,1,1,1,1
1722,1,1,1,1,1,-1,1,1,-1,1,1,1,1,0,0,1,1,1,0,1,1,1,1,1,1,1,-1,1,0,1,1
4228,1,1,1,1,1,-1,1,1,-1,1,1,1,1,1,1,1,1,1,0,1,1,1,1,1,1,1,-1,1,0,1,1
9917,-1,-1,1,1,1,-1,1,1,1,-1,1,1,-1,1,-1,-1,1,1,0,1,1,-1,1,1,1,1,-1,1,1,1,1
8546,-1,-1,-1,-1,1,-1,-1,0,-1,1,1,-1,-1,-1,-1,-1,-1,-1,0,1,1,1,1,1,-1,1,-1,-1,0,1,-1
2157,1,1,1,1,1,-1,-1,1,-1,-1,-1,1,1,0,1,1,-1,1,0,1,1,-1,-1,1,-1,1,-1,1,1,1,1
10100,1,-1,1,1,1,-1,1,1,-1,1,1,1,-1,1,0,-1,1,1,0,1,1,1,1,1,1,1,-1,1,0,1,1
6734,-1,-1,-1,1,-1,-1,0,0,1,1,1,-1,-1,-1,-1,-1,1,-1,0,1,1,1,1,-1,-1,-1,-1,-1,0,1,-1
10576,1,-1,1,1,1,-1,0,1,-1,1,1,1,1,0,0,-1,1,1,0,1,1,1,1,1,1,-1,-1,1,0,1,1
7386,1,-1,1,1,1,-1,1,1,-1,1,1,1,1,1,0,1,1,1,0,1,1,1,1,-1,1,1,1,1,0,1,1
16,-1,1,-1,1,-1,-1,-1,1,-1,1,1,-1,1,0,-1,1,1,1,1,1,1,1,1,-1,-1,0,-1,1,1,1,-1
2492,1,-1,1,1,1,-1,0,0,1,1,1,1,1,-1,-1,-1,1,1,0,1,1,1,1,1,-1,-1,-1,1,1,-1,-1
1041,1,-1,1,1,1,-1,-1,-1,-1,1,1,1,-1,0,0,-1,1,1,0,1,1,1,1,-1,1,1,-1,-1,0,1,-1
9279,1,-1,1,1,1,-1,-1,0,-1,1,1,1,1,-1,-1,-1,1,1,0,1,1,1,1,1,1,0,-1,-1,0,1,-1
10243,-1,1,-1,-1,-1,1,0,1,-1,-1,1,-1,1,1,1,-1,-1,-1,1,1,1,-1,1,-1,-1,0,1,1,1,1,1
4588,1,-1,1,1,1,-1,0,1,-1,1,1,1,-1,0,0,-1,1,1,0,1,1,1,1,-1,1,1,1,1,0,1,1
6346,1,-1,1,1,1,-1,0,1,-1,1,1,1,1,0,1,-1,1,1,0,1,1,1,1,-1,1,1,1,1,0,1,1
6413,1,1,1,1,1,-1,0,1,-1,-1,1,1,1,0,-1,0,1,1,0,-1,1,-1,1,1,1,1,-1,1,0,1,1
4852,1,-1,1,1,1,-1,-1,-1,1,1,1,1,-1,0,0,-1,1,1,0,1,1,1,1,1,-1,1,-1,1,1,1,1
2797,1,-1,1,1,1,-1,-1,1,-1,1,1,1,1,0,1,-1,1,1,0,1,1,1,1,1,1,1,1,1,0,-1,1
7655,-1,-1,1,1,1,-1,0,-1,1,1,1,1,-1,-1,0,0,1,1,0,1,1,1,1,-1,1,-1,1,1,1,1,-1
4014,1,-1,1,1,1,-1,1,1,1,-1,1,1,-1,0,1,-1,1,1,0,1,1,-1,1,1,-1,1,-1,1,1,1,1
7803,-1,-1,-1,1,-1,1,1,1,-1,1,1,-1,1,1,-1,-1,1,-1,0,1,1,1,1,-1,-1,1,-1,-1,1,1,1
3343,-1,-1,-1,1,-1,1,-1,1,-1,1,1,-1,1,1,-1,-1,1,-1,1,1,1,1,1,1,-1,1,-1,1,1,1,1
6158,-1,-1,-1,1,-1,-1,-1,1,1,1,1,-1,-1,1,0,-1,1,-1,0,1,1,1,1,-1,-1,1,-1,-1,1,1,1
7334,1,-1,1,1,1,-1,0,1,1,1,1,1,-1,0,0,1,1,1,0,1,1,1,1,-1,1,1,1,1,0,1,1
8474,-1,-1,1,-1,1,-1,0,-1,-1,1,1,1,-1,0,1,-1,1,1,0,1,1,1,1,1,1,1,-1,1,0,1,-1
8500,1,-1,1,1,1,-1,1,1,-1,1,1,1,-1,1,0,0,1,1,0,-1,1,1,1,-1,1,1,-1,1,0,1,1
2127,-1,1,-1,1,-1,1,0,-1,-1,-1,-1,-1,1,1,1,1,-1,-1,1,1,-1,-1,-1,-1,-1,0,-1,1,1,-1,1
100,1,-1,1,1,-1,1,0,1,1,-1,-1,-1,-1,0,1,-1,-1,-1,1,-1,1,-1,1,-1,1,1,1,1,0,-1,1
6806,-1,-1,1,-1,1,-1,1,1,-1,-1,-1,1,1,0,0,-1,-1,1,0,-1,-1,-1,-1,-1,1,1,-1,1,1,1,1
10762,1,-1,1,1,1,-1,0,1,-1,1,1,1,-1,1,-1,1,1,1,0,1,1,1,1,1,1,1,-1,1,0,1,1
10185,-1,1,1,1,1,-1,-1,0,-1,1,1,1,1,-1,0,-1,1,1,0,1,1,1,1,1,1,1,1,1,0,-1,-1
7969,1,-1,1,1,1,-1,1,0,-1,1,1,1,1,0,-1,-1,1,1,0,1,1,1,1,-1,1,1,1,1,0,1,1
5384,1,-1,1,-1,1,-1,0,-1,-1,-1,-1,1,1,-1,0,0,-1,1,0,-1,1,-1,-1,-1,1,0,1,1,1,-1,-1
4033,1,-1,1,-1,1,-1,-1,1,-1,1,1,1,1,1,1,-1,1,1,0,1,1,1,1,1,1,1,-1,1,0,1,1
9702,-1,-1,-1,-1,-1,-1,1,0,-1,-1,1,-1,1,-1,-1,-1,1,-1,0,-1,1,-1,1,1,-1,0,-1,1,0,1,-1
3197,1,-1,1,1,1,-1,0,0,1,1,1,1,-1,-1,0,-1,1,1,0,1,1,1,1,1,-1,-1,-1,-1,0,1,-1
4466,1,-1,1,1,1,-1,-1,1,1,1,1,1,-1,0,-1,-1,1,1,0,1,1,1,1,-1,1,0,-1,1,0,1,-1
5362,-1,-1,1,1,1,-1,1,1,-1,1,1,1,1,1,-1,-1,1,1,0,1,1,1,1,-1,1,1,-1,1,1,1,1
8116,1,-1,1,1,1,-1,0,1,1,1,1,1,-1,0,0,-1,1,1,0,1,1,1,1,-1,1,-1,-1,1,0,1,1
5237,-1,0,1,1,1,-1,0,-1,-1,-1,1,-1,-1,0,-1,-1,1,1,0,-1,1,-1,-1,-1,1,0,1,1,0,1,-1
4069,1,1,1,1,1,-1,-1,1,-1,1,1,1,1,0,0,1,1,1,0,1,1,1,1,1,1,1,1,1,0,1,1
9348,-1,-1,1,1,1,-1,1,1,-1,1,1,1,-1,0,-1,0,1,1,0,1,1,1,1,1,1,0,-1,1,1,1,1
6835,-1,-1,1,1,1,-1,-1,-1,-1,1,1,1,-1,0,0,-1,1,1,0,1,1,1,1,-1,1,0,1,1,0,1,-1
5318,-1,-1,1,1,1,-1,1,1,-1,1,1,1,1,1,0,-1,1,-1,0,1,1,1,1,-1,1,-1,-1,1,1,1,1
9648,1,0,-1,-1,-1,-1,1,1,-1,1,1,-1,1,0,0,0,-1,-1,0,1,1,1,1,1,-1,1,-1,1,-1,1,1
7580,-1,-1,1,1,-1,-1,-1,-1,1,1,1,1,-1,-1,-1,1,1,1,0,1,1,1,1,-1,1,-1,-1,1,-1,1,-1
7110,1,-1,1,1,1,-1,0,-1,-1,1,1,1,-1,0,-1,-1,1,1,1,1,1,1,1,-1,1,1,-1,1,0,1,-1
44,1,-1,1,1,1,-1,0,0,1,-1,1,-1,-1,-1,0,-1,1,1,0,-1,1,-1,1,1,1,-1,-1,1,1,1,-1
8927,-1,-1,1,1,1,-1,0,1,-1,1,1,1,1,0,0,-1,1,1,0,1,1,1,1,1,1,1,-1,1,0,1,-1
2092,-1,-1,-1,1,-1,-1,0,-1,-1,1,1,-1,1,0,0,-1,1,-1,0,1,1,1,1,1,-1,1,-1,-1,1,-1,1
4592,1,1,1,1,1,-1,-1,-1,-1,-1,-1,1,-1,-1,0,1,-1,1,0,-1,1,-1,-1,-1,1,-1,-1,1,0,-1,-1
7806,1,-1,1,-1,1,-1,-1,-1,-1,-1,-1,1,-1,-1,1,-1,-1,1,1,-1,-1,-1,-1,-1,1,-1,-1,1,0,1,-1
1050,1,-1,1,1,1,-1,0,1,1,1,1,1,-1,0,-1,-1,1,1,0,1,1,1,1,1,1,-1,-1,1,0,1,1
5789,1,-1,1,-1,1,1,1,1,-1,1,1,1,1,1,1,-1,-1,-1,0,1,1,1,1,1,1,-1,1,1,-1,1,1
7848,1,-1,1,1,1,-1,1,1,-1,1,1,1,1,1,0,-1,1,1,0,1,1,1,1,1,1,1,-1,1,0,1,1
4404,1,-1,1,1,1,-1,-1,1,-1,1,1,1,-1,1,1,-1,1,1,0,1,1,1,1,1,1,1,-1,1,0,1,1
8078,1,-1,1,1,1,-1,1,1,1,1,1,1,1,1,-1,-1,1,1,0,1,1,1,1,-1,1,1,1,1,0,1,1
7121,1,-1,1,1,1,-1,1,1,1,1,1,1,-1,0,-1,1,1,1,1,1,1,1,1,-1,1,1,1,1,0,1,1
1188,1,-1,1,1,1,-1,-1,-1,1,1,1,1,-1,-1,0,-1,1,1,0,1,1,1,1,-1,-1,0,-1,-1,0,1,-1
6900,1,-1,1,1,1,-1,1,1,-1,1,1,1,1,1,0,1,1,1,0,1,1,1,1,-1,1,1,1,1,0,1,1
9273,-1,-1,1,1,1,-1,1,1,-1,1,1,1,1,0,0,0,1,1,0,1,1,1,1,1,1,1,-1,1,0,1,1
10255,-1,-1,1,1,1,-1,1,-1,-1,1,1,1,1,-1,0,-1,1,1,0,1,1,1,1,1,1,1,-1,1,1,1,-1
3129,1,1,1,1,1,-1,-1,1,-1,1,1,1,1,1,0,1,1,1,0,1,1,1,1,1,1,1,1,1,0,1,1
458,1,-1,1,1,1,-1,1,1,1,1,1,1,-1,-1,0,-1,1,1,0,1,1,1,1,1,-1,-1,-1,1,1,1,-1
4313,1,-1,1,1,1,-1,0,1,-1,1,1,1,-1,0,-1,-1,1,1,0,1,1,1,1,1,-1,1,-1,1,1,1,1
3328,1,1,1,1,1,-1,-1,1,1,1,1,1,1,0,0,1,1,1,0,1,1,1,1,1,-1,0,-1,1,1,1,1
2837,1,-1,1,1,1,-1,-1,-1,1,1,1,1,-1,-1,-1,-1,1,1,0,1,1,1,1,-1,-1,0,-1,-1,0,1,-1
9952,1,-1,1,1,1,-1,1,-1,-1,1,1,1,1,0,-1,-1,1,1,0,1,1,1,1,1,1,0,-1,1,0,1,-1
6797,1,-1,1,1,1,-1,1,1,-1,1,1,1,-1,1,0,1,1,1,0,1,1,1,1,-1,1,1,1,1,0,1,1
5007,1,-1,1,1,1,-1,-1,-1,1,1,1,1,1,-1,-1,-1,1,1,0,1,1,1,1,-1,1,-1,-1,1,0,1,-1
4444,1,-1,1,1,1,-1,1,1,1,1,1,1,1,0,0,-1,1,1,0,1,1,1,1,1,1,1,1,1,0,1,1
10119,-1,-1,1,1,1,-1,-1,1,1,1,1,1,-1,-1,-1,-1,1,1,0,1,1,1,1,1,1,1,-1,1,0,1,-1
10789,-1,-1,1,1,1,-1,0,0,1,1,1,1,-1,-1,0,-1,1,1,0,1,1,1,1,1,1,0,-1,1,1,1,-1
10036,1,-1,1,-1,1,-1,-1,-1,-1,-1,-1,1,1,-1,0,-1,-1,1,0,-1,-1,-1,-1,1,1,1,-1,1,0,1,-1
8797,-1,-1,1,1,-1,-1,-1,-1,1,1,1,1,-1,-1,-1,0,1,1,0,1,1,1,1,1,1,1,-1,1,-1,1,-1
6552,1,-1,1,1,1,-1,1,1,-1,1,1,1,-1,0,1,1,1,1,0,1,1,1,1,-1,1,1,-1,1,0,1,1
1752,-1,-1,-1,1,-1,-1,1,-1,-1,1,1,-1,1,0,0,-1,1,-1,1,1,1,1,1,1,-1,1,1,1,1,1,1
10319,-1,-1,1,1,1,-1,-1,-1,-1,1,1,1,-1,-1,-1,0,1,1,0,1,1,1,1,-1,1,0,-1,1,0,1,-1
3460,1,-1,1,1,1,-1,-1,0,-1,1,1,1,-1,-1,-1,-1,1,1,0,1,1,1,1,1,1,0,-1,1,0,1,-1
489,1,1,1,1,1,-1,0,1,-1,1,1,1,1,0,0,1,1,1,0,1,1,1,1,-1,-1,1,1,1,0,1,1
10151,1,-1,1,1,1,1,1,1,-1,1,1,1,1,1,1,-1,1,1,0,1,1,1,1,1,1,-1,-1,1,-1,1,1
5790,1,-1,1,1,1,1,1,1,-1,1,1,1,1,0,0,-1,1,1,0,1,1,1,1,-1,1,1,-1,1,0,1,1
809,1,-1,1,1,1,-1,1,1,-1,1,1,1,1,0,0,-1,1,1,0,1,1,1,1,1,1,1,1,-1,0,1,1
5785,-1,-1,1,1,1,-1,0,-1,1,1,1,1,-1,-1,0,-1,1,1,0,1,1,1,1,-1,1,0,-1,1,1,1,-1
9981,1,-1,-1,1,-1,-1,-1,-1,-1,1,1,-1,-1,-1,-1,-1,1,-1,1,1,1,1,1,1,-1,-1,-1,1,0,-1,-1
8373,-1,-1,1,1,1,-1,-1,0,-1,1,1,1,-1,1,1,-1,1,1,0,1,1,1,1,1,1,1,-1,1,1,1,-1
4016,1,-1,1,1,1,-1,-1,1,-1,1,1,1,1,0,-1,-1,1,1,0,1,1,1,1,1,-1,1,-1,-1,1,1,1
6283,1,0,1,1,1,-1,0,-1,1,1,1,-1,-1,0,-1,-1,1,1,1,1,1,1,1,-1,1,0,1,1,0,-1,-1
3576,-1,-1,-1,1,-1,-1,-1,1,-1,1,1,-1,1,1,1,-1,1,-1,1,1,1,1,1,1,-1,1,-1,1,1,1,1
3688,1,-1,1,1,1,-1,0,1,-1,1,1,1,1,1,0,-1,1,1,0,1,1,1,1,1,1,1,-1,1,-1,1,1
5340,1,-1,1,1,1,-1,1,1,-1,1,1,1,1,1,0,-1,1,1,0,1,1,1,1,-1,1,1,1,1,0,1,1
4814,-1,-1,-1,1,-1,1,1,1,-1,1,1,-1,1,0,0,-1,1,1,0,1,1,1,1,-1,-1,1,1,1,1,1,1
1115,1,-1,1,1,1,-1,1,-1,1,1,1,1,-1,0,0,-1,1,1,0,1,1,1,1,-1,-1,1,-1,1,0,1,-1
8202,-1,1,1,1,1,-1,1,0,1,1,1,1,-1,-1,0,-1,1,1,0,1,1,1,1,1,1,-1,-1,1,0,1,-1
1176,1,-1,1,1,1,-1,-1,-1,1,1,1,1,-1,0,-1,-1,1,1,0,1,1,1,1,1,1,1,-1,1,0,1,1
9801,-1,1,1,1,1,1,1,1,-1,1,1,1,1,0,0,-1,1,1,0,1,1,1,1,1,1,-1,1,1,1,1,1
1937,1,-1,1,1,1,-1,1,1,-1,-1,-1,1,-1,1,0,-1,-1,1,0,1,1,-1,-1,1,1,1,-1,1,0,1,1
4524,1,-1,1,1,1,-1,-1,1,-1,-1,1,1,1,0,1,-1,1,1,0,1,1,-1,1,1,-1,0,-1,1,0,1,1
5121,1,-1,1,-1,1,-1,-1,-1,1,1,1,1,-1,-1,-1,-1,1,1,0,1,1,1,1,1,1,-1,1,1,1,1,-1
3870,1,-1,1,1,1,-1,0,0,-1,1,1,1,1,-1,0,-1,1,1,0,1,1,1,1,1,-1,-1,-1,1,0,1,-1
9432,1,-1,1,1,1,1,1,1,-1,-1,1,1,1,1,0,-1,1,1,0,1,1,-1,1,1,1,-1,-1,-1,0,1,1
7932,1,1,1,1,1,-1,0,1,-1,1,1,1,1,1,-1,1,1,1,1,1,1,1,1,1,1,1,1,1,0,1,1
79,1,-1,1,1,1,-1,0,1,-1,1,1,1,-1,1,-1,-1,1,1,0,1,1,1,1,-1,1,0,1,1,0,1,1
7387,1,-1,1,1,1,-1,-1,1,1,1,1,1,-1,1,0,0,1,1,0,1,1,1,1,-1,1,1,-1,1,0,1,1
8798,1,-1,1,1,1,-1,1,1,-1,1,1,1,1,1,0,-1,1,1,0,1,1,1,1,1,1,-1,-1,1,1,1,1
6604,-1,-1,1,1,1,-1,0,1,-1,1,1,1,1,0,0,-1,1,1,1,1,1,1,1,-1,1,0,1,1,1,1,1
10307,-1,-1,1,1,1,1,1,1,1,1,1,1,-1,1,0,1,1,1,0,1,1,1,1,-1,1,-1,-1,1,0,1,1
6118,1,-1,1,1,1,-1,1,0,-1,1,1,1,1,-1,1,-1,1,1,0,1,1,1,1,-1,1,1,-1,1,0,1,-1
3384,1,-1,1,1,1,-1,0,1,-1,1,1,1,-1,0,-1,-1,1,1,0,1,1,1,1,-1,1,0,-1,-1,0,1,1
10699,-1,-1,1,1,1,-1,1,1,-1,1,1,1,1,0,1,-1,-1,1,0,1,1,1,1,-1,1,0,-1,1,-1,1,1
658,1,-1,1,-1,1,-1,1,1,-1,1,1,1,1,1,1,-1,1,1,0,1,1,1,1,1,1,1,-1,1,0,1,1
9833,-1,1,1,1,1,-1,-1,0,-1,1,1,1,1,-1,-1,-1,1,1,0,1,1,1,1,1,1,0,1,-1,1,1,-1
10798,1,-1,1,1,1,-1,0,1,1,1,1,1,1,0,-1,-1,-1,1,0,1,1,1,1,1,1,0,-1,1,1,1,-1
2625,1,-1,1,1,1,1,-1,1,-1,1,1,1,1,1,0,-1,1,1,0,1,1,1,1,-1,1,1,-1,1,0,1,1
3852,1,-1,1,1,1,-1,-1,1,1,-1,-1,1,-1,1,1,-1,-1,1,0,1,1,-1,1,1,-1,1,1,-1,1,-1,1
6033,-1,-1,1,1,1,-1,-1,1,-1,1,1,1,1,0,-1,1,1,1,0,1,1,1,1,-1,1,1,1,1,1,1,1
1876,1,-1,1,1,1,-1,-1,-1,1,1,1,1,-1,0,-1,-1,1,1,0,1,1,1,1,-1,-1,-1,-1,-1,1,1,-1
6666,1,-1,1,1,1,-1,1,1,1,1,1,1,-1,1,1,0,1,1,0,1,1,1,1,-1,1,1,1,1,0,-1,1
761,1,-1,1,1,1,-1,0,1,-1,1,1,1,1,0,1,-1,1,1,0,1,1,1,1,-1,1,1,1,1,1,1,1
10687,-1,-1,1,-1,1,-1,1,-1,-1,1,1,1,1,-1,-1,-1,1,1,0,1,1,1,1,1,1,1,-1,1,0,1,-1
2984,1,-1,1,1,1,1,1,1,-1,1,1,1,1,0,0,-1,1,1,0,1,1,1,1,1,1,1,-1,1,0,1,1
3964,1,-1,1,1,1,1,1,1,-1,1,1,1,1,0,-1,-1,1,1,0,1,1,1,1,1,1,1,-1,1,0,1,1
2,1,0,1,1,1,-1,0,0,1,1,1,1,-1,-1,-1,-1,-1,-1,0,1,1,1,1,1,-1,1,-1,1,1,-1,-1
103,1,1,1,1,1,-1,-1,1,-1,-1,1,1,1,0,1,1,1,-1,0,-1,1,-1,1,-1,-1,0,-1,1,-1,-1,-1
6093,-1,-1,1,1,1,-1,0,-1,-1,1,1,1,-1,0,0,0,1,1,0,1,1,1,1,-1,1,1,-1,1,1,1,1
10892,-1,1,1,-1,1,-1,1,1,-1,-1,-1,1,1,0,-1,0,-1,1,0,-1,-1,-1,-1,1,1,-1,1,1,1,1,1
2538,-1,-1,-1,1,-1,1,1,1,-1,1,1,-1,1,1,1,-1,1,-1,1,1,1,1,1,1,-1,1,-1,1,1,1,1
6749,1,1,1,1,1,-1,0,-1,-1,1,1,1,1,0,1,-1,1,1,0,1,1,1,1,1,1,1,-1,1,0,1,1
8606,1,-1,1,1,1,-1,-1,1,1,1,1,1,1,0,0,1,1,1,0,1,1,1,1,1,1,-1,-1,1,0,1,1
6602,1,-1,1,1,-1,-1,1,1,-1,1,1,1,1,1,0,1,1,1,0,1,1,1,1,-1,1,1,1,-1,-1,1,1
591,1,-1,1,1,1,-1,0,0,1,-1,-1,1,-1,-1,0,-1,-1,1,0,-1,1,-1,-1,1,-1,0,-1,1,0,-1,-1
5656,-1,-1,1,-1,1,1,1,1,-1,-1,1,1,1,0,1,-1,1,-1,0,1,1,-1,1,-1,1,1,-1,1,1,1,1
6652,-1,-1,1,-1,1,-1,0,1,-1,-1,-1,1,1,0,1,-1,-1,1,0,-1,-1,-1,-1,-1,1,1,1,1,1,1,1
3573,1,-1,1,1,1,-1,-1,-1,1,1,1,1,-1,0,-1,-1,1,1,0,1,1,1,1,-1,-1,0,-1,-1,0,1,-1
8166,1,-1,1,1,1,-1,1,1,-1,-1,1,1,1,0,0,-1,1,1,0,1,1,-1,1,-1,1,0,-1,1,0,1,1
6890,1,1,-1,1,-1,-1,1,1,-1,1,1,-1,1,0,-1,-1,1,-1,0,1,1,1,1,1,-1,0,1,-1,1,1,1
10906,1,1,1,1,1,-1,1,1,-1,1,1,1,1,0,0,0,1,1,0,1,1,1,1,1,1,1,1,1,0,1,1
2832,1,1,-1,1,1,1,-1,1,-1,1,1,-1,1,0,1,1,1,1,0,1,1,1,1,1,-1,1,-1,1,-1,1,1
9911,1,-1,1,1,1,-1,-1,0,-1,1,1,1,-1,-1,1,-1,1,1,0,1,1,1,1,1,1,0,-1,1,0,-1,-1
8322,-1,1,-1,-1,-1,-1,-1,-1,-1,1,1,-1,1,-1,-1,-1,1,-1,1,1,1,1,1,1,-1,1,1,1,0,-1,-1
10928,-1,-1,-1,1,-1,-1,1,1,-1,1,1,-1,1,1,1,-1,1,-1,1,1,1,1,1,1,-1,-1,-1,1,1,1,1
2846,1,-1,1,1,1,-1,0,-1,-1,-1,1,1,-1,-1,1,-1,1,1,0,1,1,-1,1,-1,-1,-1,-1,-1,0,1,-1
8222,1,-1,1,1,1,1,1,1,-1,1,1,1,1,1,-1,1,1,1,0,1,1,1,1,-1,1,0,1,1,0,1,1
1131,1,-1,1,1,1,1,-1,1,-1,1,1,1,1,-1,-1,-1,1,1,0,1,1,1,1,1,-1,1,-1,1,1,1,1
3400,1,-1,1,1,1,-1,-1,1,-1,-1,-1,1,1,-1,1,-1,-1,1,0,-1,1,-1,-1,1,-1,1,-1,1,1,-1,1
5608,-1,-1,1,1,1,-1,0,1,-1,1,1,1,1,0,0,0,1,1,0,1,1,1,1,-1,1,1,-1,1,1,1,1
2363,1,-1,-1,1,1,-1,0,1,-1,1,1,1,1,1,0,-1,1,-1,0,1,1,1,1,-1,1,1,-1,1,0,1,1
6135,1,-1,1,1,1,-1,-1,1,1,1,1,1,-1,-1,-1,-1,1,1,0,1,1,1,1,-1,1,-1,1,1,0,1,-1
9756,-1,-1,1,-1,-1,1,1,1,-1,-1,-1,1,1,1,-1,1,-1,-1,1,-1,1,-1,1,1,1,1,-1,1,1,1,1
6932,-1,-1,-1,1,-1,1,1,1,1,1,1,-1,-1,1,1,-1,1,-1,0,1,1,1,1,-1,-1,1,-1,-1,1,1,1
5828,-1,1,1,1,1,1,1,1,-1,1,1,1,1,1,0,-1,1,1,0,1,1,1,1,1,1,-1,1,1,1,1,1
3120,1,-1,1,1,1,-1,1,1,1,1,1,1,-1,1,0,-1,1,1,0,1,1,1,1,1,1,-1,-1,1,0,1,1
3708,1,-1,1,1,1,-1,0,1,1,1,1,1,-1,0,1,-1,1,1,0,1,1,1,1,-1,1,1,-1,1,0,1,1
4474,1,-1,1,1,1,1,-1,1,-1,1,1,1,1,0,-1,-1,1,1,0,1,1,1,1,-1,-1,1,-1,1,1,1,1
4603,-1,-1,-1,1,-1,-1,-1,1,-1,1,1,-1,1,0,0,-1,1,-1,1,1,1,1,1,1,-1,1,-1,1,1,1,1
2517,1,1,-1,1,-1,-1,1,-1,-1,-1,-1,-1,-1,0,-1,-1,1,-1,0,-1,1,-1,1,1,-1,0,-1,1,-1,-1,-1
10190,-1,-1,1,-1,1,-1,1,-1,-1,-1,-1,1,1,-1,-1,-1,-1,1,0,-1,-1,-1,-1,1,1,0,-1,1,0,1,-1
8000,1,-1,1,1,1,-1,1,1,-1,-1,-1,1,1,0,0,-1,-1,1,0,1,1,-1,1,1,1,-1,-1,1,0,1,1
2153,1,-1,1,1,1,-1,1,1,-1,1,1,1,1,0,0,-1,1,1,0,1,1,1,1,1,1,1,-1,1,0,1,1
8390,-1,-1,1,1,1,-1,-1,1,1,1,1,1,-1,1,-1,-1,1,1,0,1,1,1,1,1,1,1,-1,-1,0,1,-1
6909,-1,-1,1,1,1,-1,0,-1,-1,1,1,1,1,0,-1,-1,-1,1,0,1,1,1,1,-1,1,-1,1,1,-1,1,-1
10205,-1,-1,1,1,1,-1,-1,-1,1,1,1,1,1,-1,-1,-1,1,1,0,1,1,1,1,1,1,0,-1,1,0,1,-1
10102,1,-1,1,1,1,-1,1,1,-1,1,1,1,-1,0,1,1,1,1,0,1,1,1,1,1,1,-1,-1,1,0,-1,1
8097,-1,-1,1,1,1,-1,0,1,-1,1,1,1,1,0,-1,0,1,1,0,1,1,1,1,-1,1,1,-1,1,1,1,1
4050,1,1,1,1,1,-1,-1,1,-1,1,1,1,1,0,0,1,1,1,0,1,1,1,1,-1,1,1,1,1,0,1,1
1130,1,-1,1,1,1,-1,0,0,1,1,1,1,-1,-1,-1,-1,1,1,0,1,1,1,1,1,-1,-1,-1,1,1,1,-1
10380,1,-1,1,1,1,-1,0,-1,1,1,1,1,-1,-1,0,0,1,1,0,1,1,1,1,1,1,1,-1,1,0,1,-1
4877,1,-1,1,1,1,-1,0,0,1,1,1,1,1,-1,-1,-1,1,1,0,1,1,1,1,1,-1,-1,-1,1,1,1,-1
6930,-1,-1,-1,1,-1,1,-1,1,-1,1,1,-1,1,0,0,-1,1,-1,0,1,1,1,1,-1,-1,1,-1,-1,1,1,1
1832,1,-1,1,1,1,-1,0,0,-1,-1,-1,1,-1,-1,-1,-1,-1,1,0,1,1,-1,1,1,-1,1,-1,1,1,1,-1
10716,-1,-1,1,1,1,-1,0,-1,-1,1,1,1,1,-1,-1,-1,1,1,0,1,1,1,1,1,1,0,-1,1,0,1,-1
9536,1,1,1,-1,1,-1,-1,1,1,1,1,-1,-1,0,-1,1,-1,-1,0,1,1,1,1,1,1,-1,-1,1,-1,1,1
1834,1,1,1,1,1,-1,-1,-1,-1,1,1,1,1,-1,-1,1,1,1,0,1,1,1,1,-1,-1,-1,-1,1,0,1,-1
6711,-1,-1,1,1,1,-1,1,1,-1,1,1,1,1,1,1,-1,1,1,0,1,1,1,1,-1,1,1,-1,1,1,1,1
3849,1,1,1,1,1,-1,-1,1,-1,-1,1,1,1,0,1,1,1,1,0,1,1,-1,1,1,-1,1,-1,1,1,1,1
5162,1,-1,1,1,1,-1,1,1,-1,1,1,1,1,1,0,-1,1,1,0,1,1,1,1,1,1,0,-1,1,0,1,1
9938,1,-1,1,1,1,-1,0,1,-1,1,1,1,1,0,-1,-1,1,1,0,1,1,1,1,1,1,0,-1,-1,0,1,-1
10756,1,1,1,1,1,-1,1,1,1,1,1,1,-1,1,1,0,1,1,0,1,1,1,1,1,1,1,-1,1,0,-1,1
9320,-1,-1,1,-1,1,-1,-1,-1,1,-1,-1,1,-1,-1,0,-1,-1,1,0,1,1,-1,1,1,1,1,-1,1,0,1,-1
1898,1,-1,1,1,1,-1,0,1,-1,-1,-1,1,1,0,0,-1,-1,1,0,1,1,-1,-1,-1,-1,1,1,-1,1,-1,1
11006,-1,-1,1,-1,1,-1,0,-1,-1,-1,-1,1,1,0,-1,-1,-1,1,0,1,1,-1,1,1,1,1,-1,-1,0,1,-1
5598,1,-1,1,1,1,-1,0,-1,1,1,1,1,-1,-1,0,-1,1,1,0,1,1,1,1,-1,1,-1,1,1,0,1,-1
8638,1,-1,1,1,1,-1,-1,1,-1,1,1,1,1,0,1,1,1,1,0,1,1,1,1,1,1,1,-1,1,-1,1,1
4130,1,0,1,1,1,-1,0,0,1,1,1,1,-1,-1,-1,-1,-1,-1,0,1,1,1,1,1,-1,1,-1,1,1,-1,-1
9746,-1,1,1,1,1,-1,-1,-1,-1,1,1,1,1,-1,-1,-1,1,1,0,1,1,1,1,1,1,1,1,1,1,1,-1
3835,1,-1,1,1,1,-1,0,-1,-1,1,1,1,1,-1,0,-1,1,1,0,1,1,1,1,-1,-1,1,-1,-1,0,1,-1
3091,1,-1,1,1,1,-1,-1,-1,-1,1,1,1,1,-1,0,-1,1,1,0,1,1,1,1,-1,1,0,-1,1,0,1,-1
5994,1,-1,1,1,1,-1,1,1,-1,-1,-1,1,1,1,0,-1,-1,1,0,1,1,-1,-1,-1,1,1,1,1,1,1,1
2702,1,-1,1,1,1,-1,1,1,-1,1,1,1,1,0,1,-1,1,1,0,1,1,1,1,1,1,-1,1,1,-1,1,1
10531,1,1,-1,-1,-1,1,1,-1,-1,1,1,-1,1,1,1,-1,1,-1,1,1,1,1,1,1,-1,0,1,-1,1,1,1
4467,1,-1,1,1,1,-1,-1,-1,-1,1,1,1,1,-1,0,-1,1,1,0,1,1,1,1,-1,-1,-1,-1,-1,1,1,-1
7091,-1,-1,-1,-1,-1,-1,-1,1,1,1,1,-1,-1,1,-1,1,1,-1,0,1,1,1,1,-1,-1,1,-1,1,1,1,1
6924,-1,-1,1,1,1,-1,0,-1,-1,1,1,1,-1,-1,0,-1,1,1,0,1,1,1,1,-1,1,-1,1,1,0,-1,-1
10761,-1,-1,1,1,1,-1,1,1,1,1,1,1,-1,1,-1,-1,1,1,0,1,1,1,1,-1,1,0,-1,1,1,1,1
5395,-1,-1,1,-1,1,-1,1,1,-1,-1,-1,1,-1,0,0,0,-1,1,0,-1,-1,-1,-1,-1,1,1,1,1,1,1,1
3712,1,-1,1,1,1,1,-1,1,-1,1,1,1,1,1,1,-1,1,1,0,1,1,1,1,1,-1,1,-1,1,1,1,1
6675,-1,1,1,1,1,-1,1,1,-1,1,1,1,1,0,-1,-1,1,1,0,1,1,1,1,1,1,0,-1,1,1,1,-1
709,1,-1,1,1,1,-1,-1,1,1,1,1,1,-1,-1,-1,-1,1,1,0,1,1,1,1,-1,-1,-1,-1,1,0,1,-1
4714,1,-1,1,1,1,-1,0,-1,-1,1,1,1,-1,-1,0,-1,1,1,0,1,1,-1,1,-1,-1,0,-1,1,1,1,-1
1474,1,-1,1,-1,1,1,1,1,-1,1,1,1,1,1,1,-1,1,1,0,1,1,1,1,1,1,1,-1,1,0,1,1
8817,1,-1,1,1,1,-1,1,-1,-1,1,1,1,1,0,-1,-1,1,1,0,1,1,1,1,1,1,1,-1,1,0,1,-1
802,1,-1,1,1,1,-1,1,1,-1,1,1,1,-1,0,0,-1,1,1,0,1,1,1,1,-1,-1,-1,-1,1,1,1,1
10834,-1,-1,1,1,1,1,-1,-1,-1,1,1,1,1,1,0,-1,1,1,0,1,1,1,1,1,1,1,-1,1,1,1,1
4532,1,-1,1,1,1,-1,-1,-1,-1,-1,-1,1,1,-1,0,-1,-1,1,0,-1,-1,-1,-1,-1,1,-1,-1,1,0,-1,-1
10321,-1,-1,1,-1,1,-1,0,-1,1,1,1,-1,-1,-1,-1,-1,1,-1,0,1,1,1,1,1,1,0,-1,1,1,1,-1
3523,1,-1,1,1,1,-1,1,1,-1,1,1,1,1,0,-1,-1,1,1,0,1,1,1,1,1,1,0,-1,1,0,1,1
7512,1,-1,1,1,1,-1,0,-1,1,1,1,1,-1,-1,-1,1,1,1,0,1,1,1,1,-1,1,-1,-1,1,1,-1,-1
253,1,-1,1,1,1,-1,-1,1,-1,1,1,1,1,1,-1,-1,1,1,0,1,1,1,1,1,-1,1,-1,1,1,1,1
2853,1,1,1,-1,1,-1,1,1,-1,1,1,-1,1,0,1,1,1,1,0,1,1,1,1,1,-1,1,-1,1,-1,1,1
390,1,0,1,1,1,-1,0,1,1,1,1,-1,-1,0,-1,-1,-1,-1,0,1,1,1,1,-1,1,-1,-1,1,0,-1,1
4703,1,1,1,1,1,-1,1,1,-1,-1,1,1,1,0,0,1,1,1,0,-1,1,-1,-1,1,-1,0,-1,1,0,1,1
5575,1,-1,1,1,1,1,0,1,-1,1,1,1,1,0,-1,-1,1,1,0,1,1,1,1,-1,1,0,1,1,0,1,1
6589,1,-1,1,1,1,-1,0,0,1,1,1,1,-1,-1,0,-1,1,1,0,1,1,1,1,-1,1,-1,-1,1,0,1,-1
10298,-1,1,1,1,1,-1,0,1,-1,-1,1,1,1,0,0,-1,1,1,0,-1,1,-1,-1,1,1,1,1,1,0,1,1
9131,-1,-1,-1,1,-1,-1,1,1,-1,1,1,-1,1,1,-1,-1,1,-1,1,1,1,1,1,1,-1,1,-1,1,1,1,1
6585,1,-1,1,1,1,-1,0,-1,-1,1,1,1,1,-1,0,-1,1,1,0,1,1,1,1,-1,1,-1,-1,1,0,1,-1
6807,1,-1,1,1,1,1,0,1,1,1,1,1,-1,1,0,1,1,1,0,1,1,1,1,-1,1,1,-1,1,0,1,1
10583,1,-1,1,1,1,1,-1,1,1,1,1,1,-1,0,1,-1,1,1,0,1,1,1,1,-1,1,-1,-1,1,1,1,1
3004,-1,-1,-1,1,-1,-1,0,0,-1,1,1,-1,-1,-1,1,-1,1,-1,0,1,1,1,1,1,-1,-1,1,1,0,1,-1
2295,1,-1,1,1,1,-1,0,1,-1,-1,1,1,1,0,0,-1,-1,-1,0,-1,1,-1,1,-1,1,0,-1,1,-1,-1,1
9644,-1,-1,1,1,1,-1,-1,0,1,1,1,1,-1,1,-1,-1,1,1,0,1,1,1,1,1,1,0,-1,-1,1,1,-1
3492,1,-1,1,1,1,-1,-1,1,1,1,1,-1,-1,0,1,-1,-1,1,0,1,1,1,1,1,-1,1,-1,1,0,1,1
435,1,-1,1,1,1,-1,-1,0,-1,1,1,1,-1,0,-1,-1,1,1,0,1,1,1,1,-1,1,1,-1,1,0,1,-1
10682,-1,1,-1,-1,1,-1,-1,-1,-1,1,1,1,1,-1,-1,-1,-1,-1,0,1,1,1,1,1,1,1,-1,-1,0,1,-1
2799,1,-1,1,1,1,1,1,1,1,1,1,1,-1,1,1,-1,1,1,0,1,1,1,1,1,-1,-1,-1,1,1,1,1
5885,1,-1,1,1,1,-1,0,1,1,1,1,1,-1,1,1,-1,1,1,0,1,1,1,1,-1,1,1,-1,1,0,1,1
7711,-1,-1,1,1,1,-1,1,0,1,1,1,1,-1,-1,1,0,1,1,0,1,1,1,1,-1,1,-1,-1,1,1,1,-1
10240,-1,-1,1,-1,1,1,1,1,-1,-1,1,1,1,0,1,-1,1,-1,0,1,1,-1,1,1,1,-1,-1,1,1,1,1
682,1,-1,1,1,1,-1,0,-1,1,1,1,1,1,-1,-1,-1,1,1,0,1,1,1,1,-1,-1,0,-1,-1,0,1,-1
10827,-1,-1,1,-1,1,-1,-1,-1,-1,1,1,1,1,-1,0,-1,1,1,0,1,1,1,1,-1,1,1,-1,1,0,1,-1
119,1,-1,1,1,1,1,0,1,-1,1,1,1,1,1,1,-1,1,1,0,1,1,1,1,-1,1,1,-1,1,0,1,1
316,1,-1,1,1,1,-1,-1,-1,-1,1,1,1,-1,1,-1,-1,1,1,0,1,1,1,1,-1,-1,0,-1,1,0,1,-1
2697,-1,1,-1,1,-1,-1,1,1,-1,1,1,-1,1,0,-1,1,1,-1,1,1,1,1,1,1,-1,0,-1,1,1,-1,1
8369,1,-1,1,1,1,-1,1,1,-1,1,1,1,1,1,0,-1,1,1,0,1,1,1,1,1,1,1,-1,1,0,1,1
7452,1,-1,1,1,1,-1,1,1,-1,1,1,1,-1,0,1,1,1,1,0,1,1,1,1,-1,1,1,-1,1,0,1,1
4920,-1,0,1,-1,1,-1,0,1,1,1,-1,1,-1,-1,-1,-1,-1,1,0,1,-1,1,-1,-1,1,0,1,1,0,1,-1
7857,1,-1,1,1,1,-1,0,-1,-1,1,1,1,1,-1,0,-1,1,1,0,1,1,1,1,-1,1,-1,-1,1,0,1,-1
9151,1,-1,1,1,1,-1,1,1,1,1,1,1,1,1,-1,-1,1,1,0,1,1,1,1,1,1,1,-1,1,0,1,1
5012,1,-1,1,1,1,-1,-1,1,-1,1,1,1,1,1,0,-1,1,1,0,1,1,1,1,1,-1,1,1,1,1,-1,1
566,1,-1,1,1,1,1,1,1,1,1,1,1,-1,1,1,-1,1,1,0,1,1,1,1,1,1,1,-1,1,0,1,1
7713,-1,1,1,-1,1,-1,1,1,-1,-1,-1,1,1,1,-1,-1,-1,1,0,1,1,-1,1,1,1,1,1,1,1,1,1
869,1,-1,1,-1,1,-1,1,1,1,1,1,1,1,0,1,-1,1,1,0,1,1,1,1,1,1,1,1,1,0,1,1
5311,-1,-1,1,1,1,-1,1,-1,-1,1,1,1,1,0,-1,-1,1,1,0,1,1,1,1,-1,1,0,1,1,0,1,-1
8634,1,0,1,-1,1,-1,1,1,-1,1,1,1,1,0,1,0,-1,-1,0,1,1,1,1,1,1,-1,-1,1,0,1,1
2575,1,-1,1,1,1,-1,0,1,-1,-1,-1,1,1,0,-1,-1,-1,1,0,-1,-1,-1,-1,1,1,1,-1,1,0,-1,1
5123,1,-1,-1,1,-1,-1,-1,1,-1,1,1,-1,1,0,1,-1,1,-1,0,1,1,1,1,1,-1,1,-1,1,1,1,1
2311,1,-1,1,1,1,-1,-1,-1,-1,1,1,1,-1,0,-1,-1,1,1,0,1,1,1,1,-1,1,-1,1,1,0,1,-1
5323,1,-1,1,1,1,-1,1,1,-1,1,1,1,-1,1,1,1,1,1,0,1,1,1,1,-1,1,1,-1,1,0,-1,1
4493,1,-1,1,1,1,1,1,1,-1,1,1,1,1,0,0,-1,1,1,0,1,1,1,1,1,1,0,-1,1,0,1,1
7371,1,-1,1,1,1,-1,-1,-1,-1,1,1,1,-1,0,0,-1,1,1,0,1,1,1,1,-1,1,1,1,1,0,1,-1
8156,1,-1,1,1,1,-1,1,1,-1,1,1,1,1,0,-1,1,1,1,0,1,1,1,1,-1,1,1,1,1,0,1,1
6755,-1,-1,1,1,1,-1,0,1,-1,1,1,1,1,0,1,0,1,1,0,1,1,1,1,-1,1,1,-1,1,1,1,1
5064,1,-1,1,-1,1,1,1,1,-1,1,1,1,1,0,1,-1,1,1,0,1,1,1,1,1,1,1,-1,1,0,1,1
3741,1,-1,1,1,1,-1,0,1,-1,1,1,1,1,0,1,-1,1,1,0,1,1,1,1,-1,1,1,-1,1,0,1,1
4841,1,1,-1,1,1,-1,1,-1,-1,1,1,1,1,-1,-1,-1,-1,-1,0,1,1,1,1,-1,-1,-1,-1,-1,0,-1,-1
1498,1,-1,1,1,1,-1,-1,1,-1,1,1,1,1,0,-1,-1,1,1,0,1,1,1,1,1,1,1,-1,1,0,1,1
2178,1,-1,1,1,1,-1,0,1,-1,1,1,1,1,0,-1,-1,1,1,0,1,1,1,1,-1,-1,1,1,1,1,1,1
419,1,-1,1,1,1,1,1,1,-1,1,1,1,1,0,0,-1,-1,1,0,1,1,1,1,1,-1,1,-1,1,0,1,1
5502,1,-1,1,1,1,-1,1,1,-1,1,1,1,1,0,-1,1,1,1,0,1,1,1,1,-1,1,1,1,1,0,1,1
3660,1,-1,1,1,1,-1,-1,1,-1,1,1,1,1,0,-1,-1,1,1,0,1,1,1,1,1,1,1,-1,1,0,1,1
3624,-1,1,-1,1,-1,1,1,1,-1,1,1,-1,-1,0,1,1,1,-1,1,1,1,1,1,1,-1,1,-1,1,1,-1,1
9395,1,-1,1,-1,1,-1,-1,-1,1,-1,-1,1,-1,0,0,0,-1,1,0,1,1,-1,1,1,1,1,-1,-1,0,1,-1
6212,-1,-1,1,1,1,-1,0,-1,-1,1,1,1,-1,-1,-1,1,1,1,1,1,1,1,1,-1,1,-1,1,1,0,-1,-1
8654,-1,-1,1,1,1,-1,1,1,-1,1,1,1,1,1,0,1,1,1,0,1,1,1,1,1,1,-1,-1,1,1,1,1
10636,1,-1,1,1,1,-1,1,1,-1,1,1,1,1,0,0,0,1,1,0,1,1,1,1,1,1,-1,-1,1,0,1,1
4593,1,1,1,1,1,-1,0,0,-1,-1,-1,1,1,-1,1,1,-1,1,0,-1,1,-1,-1,1,1,-1,-1,-1,0,-1,-1
7818,-1,-1,-1,-1,-1,-1,0,1,-1,1,1,-1,1,0,-1,-1,1,-1,0,1,1,1,1,-1,-1,1,-1,-1,1,1,1
5763,-1,-1,1,1,1,1,1,1,1,1,1,1,-1,1,0,-1,-1,1,0,1,1,1,1,-1,1,-1,-1,1,1,1,1
10905,1,-1,1,1,1,-1,0,1,-1,-1,1,1,1,0,0,-1,1,1,0,1,1,-1,1,1,1,-1,-1,1,0,1,1
8040,-1,-1,1,1,1,-1,1,1,1,1,1,1,1,0,-1,1,1,1,0,1,1,1,1,-1,1,1,1,1,1,1,1
7968,-1,1,1,1,1,-1,-1,-1,-1,1,1,1,-1,-1,0,-1,1,1,0,1,1,1,1,1,1,-1,-1,1,0,1,-1
8862,-1,-1,1,1,1,-1,0,0,-1,1,1,1,-1,-1,0,-1,1,1,0,1,1,1,1,1,1,0,-1,1,1,1,-1
11036,-1,-1,1,1,1,-1,1,1,1,1,1,1,-1,0,0,0,1,1,0,1,1,1,1,-1,1,0,-1,-1,1,1,1
2280,1,-1,1,1,1,-1,0,0,1,1,1,1,-1,-1,1,-1,1,1,0,1,1,1,1,1,-1,-1,-1,1,1,1,-1
10152,1,-1,1,1,1,-1,1,1,1,1,1,1,-1,0,-1,1,1,1,0,1,1,1,1,1,1,1,-1,-1,0,1,1
7539,1,-1,1,1,1,-1,1,1,-1,1,1,1,1,0,0,1,1,1,0,1,1,1,1,-1,1,1,-1,1,0,1,1
7557,1,-1,1,1,1,-1,-1,-1,1,1,1,1,-1,0,-1,-1,1,1,0,1,1,1,1,-1,1,1,1,1,0,1,-1
1438,1,-1,1,1,1,-1,1,1,1,1,1,1,-1,0,0,-1,1,1,0,1,1,1,1,1,1,1,1,1,0,1,1
8594,-1,-1,1,1,1,-1,0,1,-1,1,1,1,-1,1,-1,1,1,1,0,1,1,1,1,-1,1,1,-1,-1,1,1,1
8724,-1,-1,1,-1,1,-1,1,-1,1,1,1,1,-1,0,-1,-1,1,1,0,1,1,1,1,1,1,1,-1,-1,1,1,-1
2533,1,-1,1,1,1,-1,0,1,-1,1,1,1,1,0,-1,-1,1,1,0,1,1,1,1,1,1,0,-1,1,0,1,-1
3208,1,-1,1,1,1,-1,1,1,-1,1,1,1,-1,0,-1,-1,1,1,0,1,1,1,1,1,1,1,1,1,0,1,1
3353,-1,-1,-1,1,-1,-1,1,1,-1,1,1,-1,-1,0,-1,-1,1,-1,1,1,1,1,1,1,-1,1,-1,1,1,1,1
7226,1,-1,-1,1,-1,-1,1,1,1,1,1,-1,-1,0,-1,1,1,-1,0,1,1,1,1,-1,-1,1,-1,-1,1,1,1
774,1,-1,1,1,1,-1,1,-1,-1,1,1,1,1,0,0,-1,1,1,0,1,1,-1,1,1,1,0,-1,1,1,1,1
3497,1,-1,1,1,1,1,1,1,-1,1,1,1,1,1,-1,-1,1,1,0,1,1,1,1,1,1,0,1,1,0,1,1
525,1,-1,1,1,1,-1,0,0,1,1,1,1,-1,-1,0,-1,1,1,0,1,1,1,1,1,1,0,-1,1,0,1,-1
242,1,-1,1,1,1,-1,-1,1,1,1,1,1,-1,0,0,-1,1,1,0,1,1,1,1,1,-1,0,-1,1,1,1,-1
6017,-1,1,1,1,1,-1,-1,-1,-1,1,1,1,1,-1,-1,-1,1,1,0,1,1,1,1,1,1,-1,1,1,1,1,-1
4664,1,-1,1,1,1,-1,-1,-1,1,1,1,1,-1,-1,0,-1,1,1,0,1,1,1,1,-1,-1,-1,-1,-1,1,1,-1
7862,1,1,1,1,1,-1,1,1,-1,1,1,1,1,0,-1,-1,-1,1,1,1,1,1,1,1,1,0,1,1,0,1,1
2628,1,-1,1,1,1,-1,-1,-1,-1,1,1,1,1,-1,-1,-1,1,1,0,1,1,1,1,-1,1,-1,-1,1,0,1,-1
8532,1,-1,1,1,1,-1,-1,1,1,1,1,1,-1,-1,0,-1,1,1,0,1,1,1,1,1,1,1,-1,-1,0,1,-1
8605,1,1,1,1,1,-1,1,1,-1,1,1,1,1,0,1,0,1,1,0,1,1,1,1,1,1,1,1,1,0,-1,1
1008,1,0,1,1,1,-1,-1,1,-1,-1,1,-1,-1,-1,0,-1,1,1,0,-1,1,-1,-1,-1,-1,0,-1,1,0,1,-1
8146,1,-1,1,1,1,-1,0,-1,-1,1,1,1,1,0,-1,-1,1,1,0,1,1,1,1,-1,1,1,1,1,0,1,-1
5198,1,1,1,-1,1,-1,-1,1,-1,1,1,1,1,0,1,1,1,1,0,1,1,1,1,-1,1,1,-1,1,0,1,1
510,1,1,1,1,1,-1,-1,-1,-1,1,1,1,1,-1,-1,1,1,1,0,1,1,1,1,-1,-1,-1,-1,1,0,1,-1
4934,1,-1,1,1,1,-1,-1,1,-1,1,1,1,1,1,-1,-1,1,1,0,1,1,1,1,-1,1,0,-1,1,0,1,1
1398,1,-1,1,1,1,-1,1,1,1,1,1,1,-1,0,-1,-1,1,1,0,1,1,1,1,1,1,0,-1,1,0,1,1
1846,1,-1,1,1,1,-1,-1,-1,-1,-1,-1,1,1,-1,0,-1,-1,1,0,1,1,1,1,-1,1,1,-1,-1,0,-1,-1
4759,1,-1,1,1,1,-1,0,0,-1,1,1,1,1,-1,-1,-1,1,1,0,1,1,1,1,1,-1,-1,-1,1,1,1,-1
10489,1,1,1,1,1,-1,1,1,-1,1,1,1,1,1,1,1,1,1,0,1,1,1,1,-1,1,0,1,-1,0,1,1
9851,1,1,1,1,1,-1,-1,-1,1,1,1,1,-1,-1,0,-1,1,1,0,1,1,1,1,1,1,1,1,1,0,1,-1
10648,1,-1,1,1,1,-1,1,1,-1,1,1,1,1,1,1,-1,1,1,0,1,1,1,1,1,1,1,-1,1,0,-1,1
3634,1,1,1,-1,1,-1,-1,1,-1,1,1,1,1,0,1,1,1,1,0,1,1,1,1,-1,1,1,-1,1,0,1,1
6574,1,-1,1,-1,1,1,1,1,-1,-1,1,-1,1,1,1,-1,1,-1,1,-1,1,-1,1,-1,1,1,-1,1,-1,1,1
2298,1,-1,1,1,1,-1,-1,-1,-1,1,1,1,-1,-1,1,-1,1,1,0,1,1,1,1,-1,-1,-1,-1,1,1,1,-1
7096,-1,-1,1,1,1,1,-1,1,-1,1,1,1,1,0,-1,-1,1,1,0,1,1,1,1,-1,1,1,-1,1,1,1,1
5577,1,-1,1,1,1,-1,-1,1,-1,1,1,1,1,0,-1,1,1,1,0,1,1,1,1,-1,1,1,1,1,0,1,1
7869,1,-1,1,1,1,-1,1,1,1,-1,1,1,-1,1,0,-1,1,1,0,1,1,-1,1,-1,1,0,-1,1,0,1,1
8706,-1,-1,-1,1,-1,-1,1,1,-1,1,1,-1,-1,0,1,1,1,-1,1,1,1,1,1,1,-1,1,-1,1,1,1,1
7950,-1,-1,-1,1,-1,-1,-1,1,1,1,1,-1,-1,1,0,-1,1,-1,0,1,1,1,1,-1,-1,1,-1,-1,1,1,1
5028,1,-1,1,1,1,-1,0,-1,1,1,1,1,-1,-1,-1,-1,1,1,0,1,1,1,1,-1,-1,0,-1,1,0,1,-1
72,1,-1,1,1,1,-1,1,1,-1,1,1,-1,-1,1,1,-1,1,1,0,1,1,1,1,1,-1,1,-1,1,0,1,1
5308,-1,-1,1,1,1,1,0,-1,-1,1,1,1,-1,1,1,-1,1,1,0,1,1,1,1,-1,1,1,-1,1,1,1,1
9142,1,0,1,1,1,-1,0,-1,1,-1,1,1,-1,-1,0,1,1,1,0,-1,1,-1,1,1,1,1,-1,1,0,1,-1
9800,-1,-1,1,1,1,-1,-1,1,1,1,1,1,1,0,0,-1,1,1,0,1,1,1,1,1,1,-1,-1,1,1,1,1
4276,1,1,1,1,1,-1,1,1,-1,1,1,1,1,0,0,1,1,1,0,1,1,1,1,1,1,1,-1,1,0,1,1
953,1,-1,1,1,1,-1,0,-1,1,1,1,1,-1,0,-1,-1,1,1,0,1,1,1,1,-1,1,0,-1,-1,0,1,-1
8218,-1,-1,1,-1,1,-1,0,0,1,-1,-1,1,-1,-1,1,-1,-1,1,0,1,1,-1,1,-1,1,-1,-1,1,0,1,-1
3159,1,1,1,1,1,1,1,1,-1,1,1,1,1,1,0,1,1,1,0,1,1,1,1,1,-1,-1,-1,1,1,1,1
8823,1,-1,1,1,1,1,1,1,1,1,1,1,-1,1,1,-1,1,1,0,1,1,1,1,1,1,1,-1,1,0,1,1
9988,1,-1,1,1,1,-1,-1,-1,-1,1,1,1,-1,0,-1,1,1,1,0,1,1,1,1,1,1,-1,-1,1,0,1,-1
4095,1,-1,1,1,1,-1,-1,-1,-1,1,1,1,1,-1,-1,-1,1,1,0,1,1,1,1,-1,-1,-1,-1,1,1,1,-1
920,1,1,1,1,1,-1,-1,1,-1,1,1,1,-1,1,0,1,1,1,0,1,1,1,1,-1,-1,-1,-1,1,1,1,1
7187,1,1,1,1,1,-1,1,-1,-1,1,1,-1,1,0,0,-1,1,1,0,1,1,1,1,-1,1,0,-1,1,-1,1,1
8129,-1,-1,1,1,1,-1,1,0,1,1,1,1,-1,-1,-1,-1,1,1,0,1,1,1,1,-1,1,-1,-1,1,1,1,-1
3447,1,-1,-1,-1,1,-1,0,0,1,1,1,1,-1,-1,0,-1,1,1,0,1,1,1,1,1,-1,-1,-1,1,0,1,-1
6108,1,-1,1,-1,1,-1,1,0,1,-1,-1,1,-1,0,0,0,-1,1,1,-1,-1,-1,-1,-1,1,-1,-1,1,0,1,-1
4164,1,-1,1,1,1,-1,-1,-1,-1,1,1,1,1,1,0,-1,1,1,0,1,1,1,1,-1,-1,1,-1,-1,0,1,-1
9239,1,-1,1,1,1,-1,1,-1,-1,1,1,1,1,0,-1,-1,1,1,0,1,1,1,1,1,1,1,-1,1,0,1,-1
8684,1,-1,1,1,1,1,1,1,-1,1,1,1,1,0,0,1,1,1,0,1,1,1,1,1,1,0,-1,1,0,1,1
6840,-1,-1,1,1,-1,-1,0,-1,1,1,1,-1,-1,0,-1,-1,1,1,0,1,1,1,1,-1,1,1,1,-1,1,1,-1
2145,1,-1,1,1,1,-1,0,1,-1,1,1,1,1,0,1,-1,1,1,0,1,1,1,1,-1,1,1,1,1,0,1,1
5194,-1,-1,1,-1,1,1,-1,1,-1,1,1,1,1,1,0,-1,1,1,0,1,1,1,1,-1,1,1,1,1,0,1,1
737,1,-1,1,-1,1,1,-1,1,1,1,1,1,-1,1,1,-1,1,1,0,1,1,1,1,1,1,1,1,1,0,1,1
9452,-1,-1,-1,1,-1,-1,1,1,1,1,1,-1,-1,0,1,1,1,-1,1,1,1,1,1,1,-1,1,-1,1,1,1,1
7686,-1,-1,1,1,1,-1,1,1,1,1,1,1,-1,1,1,1,1,1,1,1,1,1,1,-1,1,1,-1,1,0,1,1
1692,-1,-1,-1,1,-1,-1,0,-1,-1,-1,-1,-1,1,-1,1,-1,-1,-1,1,-1,1,-1,-1,-1,-1,-1,-1,1,1,-1,-1
4421,1,-1,1,1,1,1,-1,1,-1,-1,-1,1,1,1,-1,-1,-1,1,0,1,1,-1,1,1,-1,1,-1,1,1,-1,1
3364,1,1,1,1,1,1,-1,1,-1,1,1,1,1,1,0,1,1,1,0,1,1,1,1,-1,1,1,-1,1,0,1,1
1203,1,-1,1,1,1,-1,-1,-1,1,1,1,1,1,-1,0,-1,1,1,0,1,1,1,1,-1,-1,0,-1,1,0,1,-1
2692,1,-1,1,1,1,1,-1,1,-1,-1,-1,1,-1,1,0,-1,-1,-1,0,1,1,1,1,1,1,1,-1,1,0,-1,1
9650,-1,-1,1,1,1,-1,-1,-1,1,1,1,1,-1,-1,0,0,1,1,0,1,1,1,1,1,1,1,-1,1,1,1,-1
8836,1,-1,1,1,1,-1,0,1,-1,1,1,1,1,0,-1,-1,1,1,0,1,1,1,1,1,1,-1,-1,1,0,1,1
5760,-1,-1,1,-1,1,-1,0,-1,-1,-1,-1,-1,1,0,0,-1,-1,-1,0,-1,1,-1,1,-1,1,0,1,1,0,1,-1
4385,-1,1,-1,1,-1,-1,1,1,-1,1,1,-1,1,0,-1,1,1,-1,1,1,1,1,1,1,-1,0,-1,1,1,1,-1
7331,-1,1,1,1,1,-1,1,1,-1,-1,1,1,1,0,-1,0,1,1,0,1,1,-1,1,1,1,1,1,1,1,1,1
4984,1,-1,1,1,1,-1,0,1,-1,1,1,1,1,1,1,1,1,1,0,1,1,1,1,-1,1,1,1,1,0,1,1
5128,1,1,1,1,1,-1,1,-1,-1,1,1,1,1,-1,-1,1,1,1,0,1,1,1,1,-1,-1,-1,-1,1,0,1,-1
5834,1,1,1,1,1,1,-1,1,-1,1,1,1,1,1,0,-1,1,1,0,1,1,1,1,1,1,1,-1,1,0,1,1
172,1,-1,1,1,1,-1,1,1,-1,1,1,1,-1,0,1,-1,1,1,0,1,1,1,1,1,-1,-1,-1,1,1,1,1
8788,-1,-1,1,1,-1,-1,1,-1,1,1,1,-1,-1,0,-1,-1,1,1,1,1,1,1,1,1,1,0,-1,1,1,1,-1
9914,1,-1,1,1,1,-1,1,1,-1,1,1,1,1,1,1,0,1,1,0,1,1,1,1,1,1,1,-1,1,0,1,1
453,1,-1,1,1,1,-1,1,1,-1,1,1,1,1,0,0,-1,1,1,0,1,1,1,1,1,1,0,-1,1,0,1,1
5022,1,-1,-1,1,1,-1,0,1,-1,1,1,1,-1,0,0,-1,1,1,0,1,1,1,1,-1,1,0,-1,1,0,1,1
5068,-1,-1,-1,1,-1,1,1,1,1,1,1,-1,1,0,0,-1,1,1,0,1,1,1,1,1,-1,1,-1,1,1,1,1
8650,1,1,1,1,1,-1,-1,0,-1,1,1,1,1,-1,-1,-1,1,1,0,1,1,1,1,1,1,1,1,-1,0,-1,-1
434,1,-1,1,1,1,-1,1,1,-1,1,1,1,1,0,0,-1,1,1,0,1,1,1,1,1,1,1,-1,1,0,1,1
10520,-1,-1,1,1,1,-1,1,0,1,-1,-1,1,1,-1,1,-1,-1,1,0,1,1,-1,1,1,1,0,-1,1,1,1,-1
446,1,-1,1,1,1,-1,-1,-1,1,1,1,1,-1,-1,0,-1,1,1,0,1,1,1,1,-1,1,-1,-1,1,0,1,-1
6591,-1,-1,1,1,1,-1,0,-1,1,1,1,1,-1,-1,-1,-1,1,1,0,1,1,1,1,-1,1,-1,1,1,1,1,-1
8537,-1,-1,1,-1,-1,-1,1,1,1,1,1,1,-1,0,0,-1,1,1,0,1,1,1,1,1,1,1,-1,-1,0,1,-1
9050,1,-1,1,1,1,-1,-1,-1,1,-1,1,1,-1,-1,0,-1,1,1,0,1,1,-1,1,1,1,0,-1,1,0,1,-1
7221,1,-1,1,1,1,-1,-1,1,1,1,1,1,-1,0,0,0,1,1,0,1,1,1,1,-1,1,1,1,1,0,1,1
10076,-1,-1,-1,-1,-1,-1,0,0,-1,-1,1,-1,1,-1,1,-1,1,-1,1,1,1,-1,1,1,-1,1,-1,1,1,1,-1
10472,-1,-1,1,-1,1,-1,1,1,-1,-1,-1,1,1,1,1,-1,-1,-1,0,-1,1,-1,-1,1,1,1,-1,1,1,1,1
7560,1,-1,1,1,1,-1,1,1,1,1,1,1,-1,0,-1,-1,1,1,0,1,1,1,1,-1,1,1,-1,1,0,1,1
3569,1,-1,1,1,1,-1,0,1,-1,1,1,1,1,0,-1,-1,1,1,0,1,1,1,1,1,-1,1,-1,1,1,1,1
7605,1,-1,1,-1,1,1,1,1,-1,-1,-1,1,1,0,1,-1,-1,1,0,1,1,-1,-1,-1,1,1,-1,1,1,1,1
5514,1,1,1,-1,1,-1,1,1,-1,1,1,1,1,1,0,0,1,1,0,1,1,1,1,1,1,1,1,1,0,1,1
4959,1,-1,1,-1,1,1,1,1,-1,-1,-1,1,-1,1,0,-1,1,1,0,-1,1,-1,-1,-1,1,1,1,1,0,1,1
7055,-1,1,-1,-1,-1,-1,-1,-1,-1,-1,-1,-1,1,-1,-1,-1,-1,-1,0,-1,-1,-1,-1,1,-1,1,1,-1,1,1,-1
6282,-1,-1,1,1,1,1,1,1,-1,1,1,1,1,0,-1,1,1,1,0,1,1,1,1,-1,1,1,-1,1,1,1,1
4305,1,-1,1,1,1,-1,-1,1,-1,-1,1,1,1,0,1,-1,1,1,0,1,1,-1,1,1,1,0,-1,1,0,1,1
10862,1,-1,1,-1,1,-1,1,-1,-1,-1,-1,1,1,-1,0,-1,-1,1,0,-1,-1,-1,-1,1,1,0,-1,1,0,1,-1
9491,1,-1,1,-1,1,-1,1,1,-1,-1,-1,1,1,0,1,1,-1,-1,0,-1,1,-1,1,1,1,1,-1,1,0,1,1
7345,1,-1,1,-1,1,-1,0,-1,-1,-1,-1,1,-1,-1,0,-1,-1,1,0,1,1,-1,-1,-1,1,0,1,1,0,1,-1
1096,1,-1,1,1,1,-1,0,-1,-1,1,1,1,1,1,0,-1,1,1,0,1,1,1,1,1,-1,1,1,1,0,1,1
3424,1,-1,1,1,1,-1,0,-1,1,1,1,1,-1,-1,-1,-1,1,1,0,1,1,1,1,-1,-1,0,-1,-1,0,1,-1
6946,1,-1,1,1,1,-1,0,1,-1,1,1,1,1,0,0,1,1,1,0,1,1,1,1,-1,1,1,-1,1,0,1,1
4035,1,-1,1,1,1,-1,0,-1,-1,-1,-1,1,1,-1,0,-1,-1,1,0,-1,-1,-1,-1,-1,-1,-1,-1,1,0,-1,-1
2895,1,-1,1,1,1,-1,-1,1,-1,1,1,1,1,0,0,-1,1,1,0,1,1,1,1,1,-1,1,-1,-1,1,1,1
2356,1,-1,1,1,1,-1,-1,-1,1,1,1,1,-1,-1,0,-1,1,1,0,1,1,1,1,-1,1,0,-1,1,0,1,-1
4101,-1,1,-1,1,-1,-1,0,-1,-1,-1,-1,-1,1,-1,1,1,-1,-1,1,-1,-1,-1,-1,-1,-1,1,-1,1,1,-1,-1
9355,1,1,1,1,1,-1,1,1,-1,1,1,1,1,1,1,-1,1,1,0,1,1,1,1,1,1,-1,1,1,0,-1,1
9345,1,-1,1,1,1,1,0,1,-1,1,1,1,1,1,-1,1,1,1,0,1,1,1,1,1,1,1,-1,1,0,1,1
3646,1,-1,1,1,1,-1,0,1,-1,1,1,1,1,1,0,-1,1,1,0,1,1,1,1,-1,1,1,-1,1,0,1,1
620,1,1,1,1,1,-1,0,-1,-1,1,1,1,1,-1,0,1,1,1,0,1,1,1,1,-1,-1,-1,-1,1,0,1,-1
5771,-1,-1,1,1,1,-1,1,-1,-1,1,1,1,1,-1,-1,-1,1,1,0,1,1,1,1,-1,1,0,1,1,0,1,-1
3206,1,-1,1,-1,1,-1,-1,-1,-1,1,1,1,1,-1,0,-1,1,1,0,1,1,1,1,-1,-1,-1,-1,1,1,1,-1
7909,-1,-1,1,1,1,-1,1,1,1,-1,1,1,-1,0,0,1,1,1,0,1,1,-1,1,-1,1,0,1,1,1,1,1
5217,1,-1,1,1,1,-1,1,1,-1,-1,-1,1,1,0,0,-1,-1,1,0,1,1,-1,1,-1,1,1,-1,1,0,1,1
7830,1,-1,-1,1,-1,-1,-1,-1,1,1,1,-1,-1,-1,1,-1,1,-1,1,1,1,1,1,-1,-1,-1,1,-1,0,1,-1
1774,1,-1,1,1,1,-1,-1,1,-1,1,1,1,1,0,1,-1,1,1,0,1,1,1,1,-1,1,0,-1,1,0,1,-1
7048,-1,-1,1,1,1,-1,0,-1,1,1,1,1,-1,-1,0,-1,1,1,0,1,1,1,1,-1,1,0,1,1,0,1,-1
8061,1,1,-1,-1,-1,1,-1,1,-1,1,1,-1,1,0,0,1,-1,-1,0,1,1,1,1,1,1,-1,1,1,1,1,1
10679,-1,-1,1,-1,1,-1,1,1,1,-1,-1,1,-1,0,0,1,-1,1,0,1,1,-1,1,1,1,-1,-1,1,1,1,1
9448,1,-1,1,1,1,1,-1,1,-1,-1,-1,1,-1,1,0,-1,-1,1,0,1,1,-1,-1,-1,1,-1,-1,1,0,1,1
678,-1,-1,-1,1,-1,-1,0,1,-1,1,1,-1,1,0,0,-1,1,-1,1,1,1,1,1,1,-1,1,-1,1,1,1,1
5991,-1,-1,1,1,1,-1,0,-1,-1,1,1,1,1,0,-1,1,1,1,0,1,1,1,1,-1,1,-1,1,1,1,1,-1
5868,-1,-1,-1,1,-1,-1,1,1,-1,1,1,-1,1,0,0,1,1,-1,0,1,1,1,1,-1,-1,1,-1,-1,1,1,1
284,1,-1,1,1,1,1,1,1,-1,1,1,1,1,1,-1,-1,1,1,0,1,1,1,1,1,1,0,1,1,0,1,1
2601,1,-1,1,1,1,-1,1,1,-1,1,1,1,1,0,1,-1,1,1,0,1,1,1,1,1,1,0,-1,1,0,1,-1
7522,1,-1,1,1,1,-1,0,-1,-1,1,1,1,1,0,0,-1,1,1,1,1,1,1,1,-1,1,1,1,1,0,1,-1
2358,1,-1,1,1,1,1,-1,1,-1,1,1,1,1,0,-1,-1,1,1,0,1,1,1,1,1,-1,1,1,1,1,1,1
5144,-1,-1,-1,1,-1,1,-1,1,-1,1,1,-1,1,1,-1,-1,1,-1,1,1,1,1,1,1,-1,1,-1,1,1,1,1
10323,1,-1,1,1,1,-1,1,1,-1,1,1,1,-1,1,1,-1,1,1,0,1,1,1,1,1,1,-1,-1,1,0,1,1
1120,1,-1,1,1,1,-1,-1,-1,1,1,1,1,1,0,0,-1,1,1,0,1,1,1,1,1,-1,1,-1,1,1,1,-1
7382,-1,1,1,1,1,1,1,1,-1,1,1,1,1,0,1,-1,1,1,0,1,1,1,1,1,1,-1,1,1,1,1,1
2234,1,-1,1,1,1,-1,-1,-1,1,1,1,1,-1,0,0,-1,1,1,0,1,1,1,1,-1,-1,-1,1,1,1,1,-1
8165,1,-1,1,1,1,-1,1,0,-1,-1,1,1,1,-1,0,-1,1,1,0,-1,1,-1,1,-1,1,0,-1,1,0,1,-1
1226,1,-1,1,1,1,-1,-1,1,1,-1,-1,1,-1,0,-1,-1,-1,1,0,-1,1,-1,-1,-1,-1,0,-1,1,0,-1,-1
4041,1,-1,1,1,1,-1,0,-1,1,1,1,1,1,-1,-1,-1,1,1,0,1,1,1,1,-1,1,0,-1,1,0,1,-1
255,-1,1,-1,1,-1,-1,0,0,-1,1,1,-1,1,-1,1,1,1,-1,1,1,1,1,1,1,-1,1,-1,1,1,-1,-1
6508,-1,-1,-1,1,-1,1,1,1,1,1,1,-1,-1,0,0,-1,1,1,0,1,1,1,1,-1,-1,1,1,-1,1,1,1
4766,-1,1,-1,1,-1,1,0,1,-1,1,1,-1,1,0,-1,1,1,-1,1,1,1,1,1,-1,-1,1,-1,1,1,-1,1
8873,-1,1,1,1,1,-1,-1,0,-1,1,1,1,1,-1,0,-1,1,1,0,1,1,1,1,1,1,0,1,1,0,-1,-1
8180,-1,-1,1,1,1,-1,1,-1,1,1,1,1,-1,-1,-1,0,1,1,0,1,1,1,1,-1,1,-1,1,1,0,1,-1
4019,1,-1,1,1,1,-1,-1,-1,1,-1,-1,1,-1,0,0,-1,-1,1,0,-1,-1,-1,-1,-1,1,-1,-1,1,0,-1,-1
1068,1,-1,1,1,1,-1,0,0,-1,1,1,1,-1,0,0,-1,1,1,0,1,1,1,1,1,-1,0,-1,1,1,1,-1
2052,1,-1,1,1,1,-1,0,0,-1,1,1,1,-1,-1,-1,-1,1,1,0,1,1,1,1,1,-1,-1,-1,1,1,1,-1
2827,1,-1,1,1,1,1,1,1,-1,1,1,1,1,1,1,1,-1,-1,0,1,1,1,1,1,-1,-1,-1,1,-1,-1,1
5950,1,-1,1,1,1,-1,0,-1,1,1,1,1,-1,0,0,-1,1,1,1,1,1,1,1,-1,1,1,1,1,0,1,-1
5784,1,-1,1,1,1,-1,1,1,-1,1,1,1,1,1,0,1,1,1,0,1,1,1,1,-1,1,1,-1,1,0,1,1
10763,-1,-1,1,1,1,-1,-1,-1,-1,1,1,1,-1,-1,1,-1,1,1,0,1,1,1,1,1,1,0,-1,1,1,1,-1
6313,1,0,1,1,1,-1,0,-1,1,-1,1,1,-1,-1,0,1,1,1,0,-1,1,-1,1,-1,1,0,1,1,0,1,-1
7944,-1,-1,-1,-1,1,-1,-1,1,1,-1,-1,1,-1,1,1,-1,1,1,0,-1,-1,-1,-1,1,1,-1,-1,1,1,1,1
200,-1,-1,-1,1,-1,-1,-1,1,-1,-1,1,-1,1,-1,1,-1,1,-1,1,1,1,-1,1,-1,-1,0,-1,1,1,-1,-1
6314,1,-1,1,1,1,-1,0,-1,1,1,1,1,-1,-1,0,-1,1,1,0,1,1,1,1,-1,1,0,-1,1,1,1,-1
6438,1,-1,1,1,1,-1,0,1,-1,1,1,1,1,0,1,1,1,1,0,1,1,1,1,-1,1,1,1,1,0,1,1
8122,-1,-1,1,1,1,-1,1,1,1,1,1,1,1,0,-1,0,1,1,0,1,1,1,1,-1,1,1,-1,1,1,1,1
7585,1,-1,1,1,1,-1,1,1,-1,1,1,1,1,0,0,1,1,1,1,1,1,1,1,-1,1,1,-1,1,0,1,1
2773,-1,1,-1,1,-1,-1,0,-1,-1,-1,1,-1,1,-1,1,1,1,-1,0,-1,1,-1,1,-1,-1,1,-1,1,1,-1,-1
657,1,-1,1,1,1,-1,0,-1,-1,1,1,1,1,1,1,-1,1,1,0,1,1,1,1,1,1,1,1,1,0,1,1
4867,1,-1,1,1,1,-1,0,0,1,-1,1,-1,-1,-1,0,-1,1,1,0,-1,1,-1,1,1,1,-1,-1,1,1,1,-1
2747,1,-1,1,1,1,-1,1,-1,-1,1,1,1,1,-1,0,-1,1,1,0,1,1,1,1,-1,-1,-1,-1,1,0,-1,-1
324,-1,-1,-1,1,-1,-1,1,1,-1,1,1,-1,1,0,-1,-1,1,1,1,1,1,1,1,1,-1,1,-1,-1,-1,1,1
4854,1,1,1,1,1,1,0,1,-1,1,1,1,1,1,1,-1,1,1,0,1,1,1,1,-1,1,1,-1,1,0,1,1
5309,1,-1,1,1,1,-1,0,1,-1,1,1,1,1,0,0,-1,1,1,0,1,1,1,1,-1,1,1,-1,1,0,1,1
10178,1,1,1,1,1,-1,0,-1,-1,1,1,-1,1,0,0,-1,1,1,0,1,1,1,1,1,1,-1,-1,1,-1,1,1
966,1,-1,1,1,1,-1,1,1,-1,1,1,1,1,1,0,-1,1,1,0,1,1,1,1,1,-1,-1,-1,1,1,1,1
10850,-1,-1,1,1,1,-1,0,-1,1,1,1,1,-1,-1,-1,-1,1,1,0,1,1,1,1,1,1,0,-1,1,1,-1,-1
2531,1,1,1,1,1,-1,-1,-1,-1,1,1,1,1,0,0,1,1,1,0,1,1,1,1,-1,1,0,-1,1,0,1,-1
9643,1,-1,1,1,1,-1,1,1,-1,1,1,1,1,0,1,-1,1,1,0,1,1,1,1,-1,1,0,-1,1,0,1,1
7878,-1,-1,1,1,1,-1,0,-1,-1,1,1,1,1,-1,-1,-1,1,1,1,1,1,1,1,-1,1,-1,1,1,1,1,-1
4085,1,-1,1,1,1,-1,1,1,-1,1,1,1,1,0,0,-1,1,1,0,1,1,1,1,1,-1,0,-1,1,0,1,1
1868,1,-1,1,1,1,-1,-1,1,1,1,1,1,-1,-1,-1,-1,1,1,0,1,1,1,1,-1,-1,0,-1,1,1,1,-1
934,1,-1,1,1,1,-1,-1,-1,-1,1,1,1,1,0,-1,-1,1,1,0,1,1,1,1,1,-1,1,-1,1,0,1,-1
9017,-1,-1,1,1,1,-1,1,-1,1,1,1,1,-1,0,-1,-1,1,1,0,1,1,1,1,1,1,0,-1,1,1,1,-1
8118,-1,-1,-1,1,1,-1,1,1,1,1,1,1,-1,-1,-1,-1,-1,1,0,1,1,1,1,1,1,0,-1,-1,1,1,-1
1922,-1,1,-1,1,-1,-1,0,-1,-1,-1,1,-1,1,-1,1,1,1,-1,0,-1,1,-1,1,-1,-1,1,-1,1,1,-1,-1
1864,1,-1,1,1,1,-1,1,-1,-1,1,1,1,-1,-1,0,-1,-1,1,0,1,1,1,1,-1,-1,-1,-1,1,0,1,-1
486,-1,-1,-1,1,-1,-1,-1,1,-1,1,1,-1,1,1,0,-1,1,-1,1,1,1,1,1,1,1,1,-1,1,1,1,1
3263,1,-1,1,1,1,-1,-1,-1,-1,1,1,1,1,-1,-1,-1,1,1,0,1,1,1,1,-1,-1,-1,-1,1,1,1,-1
4651,1,-1,1,1,1,-1,-1,-1,1,1,1,1,1,0,0,-1,1,1,0,1,1,1,1,1,-1,1,-1,1,1,1,-1
4529,1,-1,1,1,1,-1,1,1,1,1,1,1,-1,0,-1,-1,1,1,0,1,1,1,1,-1,-1,0,-1,1,0,1,-1
4879,1,-1,1,1,1,-1,-1,1,1,1,1,1,-1,-1,1,-1,1,1,0,1,1,1,1,-1,1,0,-1,1,0,1,-1
4416,1,-1,1,1,1,-1,0,1,1,1,1,1,-1,1,0,-1,1,1,0,1,1,1,1,-1,1,1,-1,1,0,1,1
7670,1,-1,1,1,1,1,-1,1,-1,1,1,1,1,1,1,-1,1,1,0,1,1,1,1,-1,1,1,-1,1,0,1,1
10945,-1,1,1,1,1,-1,1,1,-1,-1,1,1,1,0,0,-1,1,1,0,-1,1,-1,-1,1,1,0,1,1,1,1,1
1435,1,-1,1,1,1,-1,-1,1,-1,1,1,1,1,1,0,-1,1,1,0,1,1,1,1,-1,1,1,1,-1,0,1,1
6172,-1,-1,1,1,1,-1,1,1,-1,-1,1,1,1,1,1,-1,1,1,0,1,1,-1,1,-1,1,1,1,1,1,1,1
1807,1,-1,1,1,1,-1,-1,1,-1,1,1,1,-1,0,-1,-1,1,1,0,1,1,1,1,1,1,1,-1,1,0,1,1
7473,1,-1,1,1,1,-1,0,-1,1,1,1,1,-1,0,0,-1,1,1,0,1,1,1,1,-1,1,1,1,1,0,1,-1
7057,1,-1,1,1,1,-1,0,1,-1,1,1,1,1,0,0,-1,1,1,0,1,1,1,1,-1,1,0,1,1,0,1,-1
6787,1,-1,1,1,1,-1,1,1,-1,1,1,1,1,0,0,0,1,1,0,1,1,1,1,-1,1,1,-1,1,0,1,1
1914,-1,-1,-1,1,-1,-1,-1,1,-1,1,1,-1,1,1,0,-1,-1,-1,1,1,1,1,1,-1,-1,1,-1,1,-1,-1,1
7573,-1,-1,1,1,1,-1,-1,-1,1,1,1,1,-1,-1,-1,-1,1,1,0,1,1,1,1,-1,1,0,-1,1,0,1,-1
5708,-1,-1,1,1,1,-1,1,-1,-1,1,1,1,1,0,-1,-1,1,1,0,1,1,1,1,-1,1,0,-1,1,0,1,-1
10286,-1,1,1,1,1,-1,-1,-1,-1,1,1,1,1,-1,0,0,1,1,0,1,1,1,1,-1,1,0,1,1,0,1,-1
9410,1,-1,1,1,1,-1,1,1,-1,1,1,1,1,1,1,-1,1,1,0,1,1,1,1,1,1,1,-1,1,0,1,1
553,1,-1,1,1,1,-1,-1,1,-1,1,1,1,-1,0,-1,-1,1,1,0,1,1,1,1,-1,1,0,-1,-1,0,1,-1
2050,1,-1,1,1,1,-1,0,1,-1,-1,-1,1,-1,1,1,-1,-1,1,0,1,1,-1,1,-1,-1,1,-1,1,1,1,1
3969,1,-1,1,1,1,-1,1,1,-1,1,1,1,1,1,1,-1,1,1,0,1,1,1,1,1,1,1,-1,1,0,1,1
47,1,-1,1,1,1,-1,0,1,-1,1,1,1,1,0,0,-1,1,1,0,1,1,1,1,1,-1,1,-1,1,1,1,1
7299,1,-1,1,1,1,-1,0,-1,-1,1,1,1,-1,-1,-1,-1,1,1,0,1,1,1,1,-1,1,0,1,1,0,1,-1
5974,-1,1,1,1,1,-1,1,1,-1,1,1,1,1,0,1,-1,1,1,1,1,1,1,1,1,1,0,-1,1,1,-1,-1
0,-1,1,-1,1,-1,-1,0,0,1,1,1,-1,-1,-1,1,-1,1,1,0,-1,1,-1,1,1,-1,-1,-1,1,0,1,-1
1717,1,-1,1,1,1,1,0,1,-1,-1,1,-1,1,1,-1,-1,-1,1,0,1,-1,-1,-1,-1,-1,1,-1,1,1,1,1
3392,1,-1,1,1,1,-1,-1,1,-1,1,1,1,1,1,1,-1,1,1,0,1,1,1,1,1,1,1,1,-1,0,1,1
836,1,-1,1,1,1,-1,1,1,-1,1,1,1,-1,0,0,-1,1,1,0,1,1,1,1,1,1,1,1,1,0,1,1
173,1,-1,1,1,1,-1,1,1,1,-1,1,1,-1,0,1,-1,1,1,0,1,1,-1,1,1,-1,1,-1,1,1,1,1
6415,-1,-1,1,1,1,-1,1,1,-1,-1,1,1,1,0,-1,0,1,1,0,-1,1,-1,1,-1,1,1,1,1,1,1,1
4640,1,-1,1,1,1,-1,0,0,-1,1,1,1,1,-1,0,-1,1,1,0,1,1,1,1,1,1,-1,-1,1,0,1,-1
9916,1,-1,1,1,1,-1,1,1,-1,1,1,1,1,0,0,-1,1,1,0,1,1,1,1,1,1,-1,-1,1,0,1,1
7286,-1,-1,1,1,1,-1,0,-1,-1,1,1,1,-1,-1,0,-1,-1,1,0,1,1,1,1,-1,1,-1,1,1,0,1,-1
1267,1,-1,1,1,1,1,1,1,1,1,1,1,-1,1,1,-1,1,1,0,1,1,1,1,1,-1,1,-1,1,0,1,1
3550,1,-1,1,1,1,-1,-1,-1,-1,1,1,1,-1,0,-1,-1,1,1,0,1,1,1,1,-1,1,0,-1,1,0,1,-1
4551,1,-1,1,1,1,-1,0,-1,1,1,1,-1,-1,-1,-1,-1,1,-1,0,1,1,1,1,-1,-1,0,-1,1,1,-1,-1
10201,1,-1,1,1,1,-1,1,1,-1,1,1,1,1,1,1,-1,1,1,0,1,1,1,1,-1,1,0,-1,1,0,1,1
8451,-1,1,1,-1,-1,-1,-1,1,-1,1,1,1,1,0,-1,-1,-1,-1,0,1,1,1,1,1,-1,1,-1,-1,1,1,-1
1866,1,-1,1,1,1,-1,-1,1,-1,1,1,1,1,0,0,-1,1,1,0,1,1,1,1,-1,-1,0,-1,1,-1,1,-1
10960,-1,-1,1,-1,1,-1,1,0,-1,-1,-1,1,-1,-1,-1,-1,-1,1,0,-1,-1,-1,-1,1,1,0,-1,1,1,1,-1
4613,-1,-1,-1,1,-1,-1,0,-1,-1,-1,-1,-1,-1,-1,1,-1,-1,-1,1,-1,1,-1,1,-1,-1,0,-1,1,1,-1,-1
9935,-1,1,1,1,1,-1,-1,-1,-1,1,1,-1,1,-1,-1,0,1,1,0,1,1,1,1,1,1,0,1,1,-1,1,-1
3740,1,-1,1,1,1,-1,-1,-1,1,1,1,1,-1,0,-1,-1,1,1,0,1,1,1,1,-1,-1,-1,1,-1,1,1,-1
3893,-1,-1,-1,1,-1,-1,1,-1,-1,1,1,-1,1,0,0,-1,1,-1,1,1,1,1,1,1,-1,1,1,1,1,1,1
7197,1,-1,1,1,1,-1,1,0,-1,1,1,1,1,0,-1,-1,1,1,0,1,1,1,1,-1,1,0,1,1,0,1,-1
8192,-1,-1,1,1,1,-1,-1,1,-1,-1,-1,1,-1,1,1,-1,-1,1,0,1,1,-1,1,-1,1,1,-1,1,1,1,1
6032,-1,-1,1,1,1,-1,0,-1,-1,1,1,1,-1,-1,0,1,1,1,0,1,1,1,1,-1,1,-1,-1,1,1,1,-1
5741,-1,-1,1,1,1,-1,-1,1,1,1,1,1,-1,0,0,0,1,1,0,1,1,1,1,-1,1,1,1,1,0,1,1
7329,-1,-1,-1,-1,-1,-1,0,-1,-1,-1,1,-1,-1,-1,-1,-1,-1,-1,0,-1,1,-1,1,-1,-1,0,1,-1,0,1,-1
4507,1,-1,1,1,1,-1,-1,1,-1,-1,1,1,1,1,1,-1,1,1,0,1,1,-1,1,1,1,1,1,1,1,1,1
5285,-1,-1,1,-1,1,-1,0,-1,-1,1,1,1,1,-1,-1,-1,1,1,0,1,1,1,1,-1,1,-1,1,1,0,1,-1
2785,1,1,1,1,1,-1,0,0,-1,1,1,1,1,-1,0,1,1,1,0,1,1,1,1,1,-1,1,-1,-1,1,1,-1
5921,-1,1,1,1,1,-1,0,1,-1,1,1,1,1,0,0,1,1,1,0,1,1,1,1,1,1,1,-1,1,0,1,1
4140,1,-1,1,1,1,-1,0,0,-1,1,1,1,1,-1,0,-1,1,1,0,1,1,1,1,1,-1,0,-1,1,0,1,-1
9504,1,1,-1,-1,-1,1,1,-1,-1,1,1,-1,1,1,1,-1,1,-1,1,1,1,1,1,1,-1,0,1,-1,1,1,1
10917,1,-1,1,1,1,1,1,1,-1,1,1,1,1,0,0,1,1,1,0,1,1,1,1,1,1,0,-1,1,0,1,1
5465,1,-1,1,-1,1,-1,1,-1,1,1,1,-1,-1,-1,-1,-1,-1,-1,0,1,1,1,1,-1,1,0,1,1,-1,1,-1
4318,1,-1,1,1,1,-1,1,-1,-1,-1,-1,1,1,1,1,-1,-1,1,0,1,1,-1,1,1,-1,1,-1,1,1,-1,1
7403,-1,1,1,1,1,-1,1,1,-1,-1,1,1,1,0,0,0,1,1,0,1,1,-1,1,1,1,1,1,1,1,1,1
1234,1,-1,1,1,1,-1,0,1,-1,1,1,1,1,0,-1,-1,1,1,0,1,1,1,1,1,-1,1,-1,1,1,1,-1
8235,1,1,-1,1,-1,-1,-1,1,1,1,1,-1,-1,-1,-1,-1,-1,1,0,1,1,1,1,1,1,0,-1,-1,0,1,-1
8636,-1,-1,1,1,1,-1,0,1,1,1,1,1,1,0,0,-1,1,1,0,1,1,1,1,1,1,1,-1,1,1,1,-1
6964,-1,-1,1,1,1,-1,0,-1,1,1,1,1,1,0,-1,-1,1,1,0,1,1,1,1,-1,1,0,1,1,1,1,-1
4440,1,-1,1,1,1,-1,-1,-1,1,1,1,1,1,-1,-1,-1,1,1,0,1,1,1,1,-1,-1,-1,-1,1,0,1,-1
10284,1,-1,1,1,1,-1,1,-1,-1,1,1,1,1,0,-1,-1,1,1,0,1,1,1,1,1,1,1,-1,-1,0,1,-1
10433,-1,-1,1,1,1,-1,1,1,-1,1,1,1,-1,0,-1,-1,1,1,0,1,1,1,1,1,1,1,-1,1,0,1,-1
4689,1,-1,1,1,1,-1,-1,-1,-1,1,1,1,1,-1,0,-1,1,1,0,1,1,1,1,-1,1,0,-1,1,0,1,-1
3690,1,-1,1,1,1,-1,-1,1,1,1,1,1,-1,-1,0,-1,1,1,0,1,1,1,1,-1,-1,0,-1,1,0,1,-1
6683,-1,-1,1,1,1,-1,-1,-1,-1,1,1,1,1,0,-1,1,1,1,0,1,1,1,1,-1,1,-1,1,1,1,1,-1
7524,1,-1,1,1,1,-1,1,1,-1,1,1,-1,1,0,1,-1,1,1,0,1,1,1,1,-1,1,0,1,1,-1,1,1
9486,1,1,1,1,1,-1,1,1,-1,1,1,1,1,0,0,0,1,1,0,1,1,1,1,-1,1,-1,1,1,0,1,1
4913,1,-1,1,1,1,-1,-1,1,-1,1,1,1,1,0,0,-1,1,1,0,1,1,1,1,1,-1,1,-1,1,1,1,1
6247,-1,-1,1,1,1,-1,1,1,-1,-1,-1,1,-1,1,0,-1,-1,1,0,1,1,-1,-1,-1,1,1,1,1,0,1,1
7694,1,-1,1,1,1,-1,1,1,1,1,1,1,-1,0,1,0,1,1,0,1,1,1,1,-1,1,1,1,1,1,1,1
8279,1,-1,1,1,1,-1,1,-1,1,1,1,1,1,0,-1,-1,1,1,0,1,1,1,1,1,1,1,-1,1,0,1,1
1459,1,1,1,1,1,-1,-1,1,-1,1,1,1,1,0,0,1,1,1,0,1,1,1,1,1,1,1,-1,1,0,1,1
872,1,-1,1,1,1,-1,1,-1,1,1,1,1,-1,-1,-1,-1,1,1,0,1,1,1,1,1,-1,0,-1,1,0,1,-1
2270,-1,-1,-1,1,-1,-1,-1,-1,-1,-1,-1,-1,1,-1,1,-1,-1,-1,1,-1,-1,-1,-1,-1,-1,1,-1,1,1,-1,-1
10411,1,-1,1,1,1,-1,0,1,-1,1,1,1,1,0,0,-1,1,1,0,1,1,1,1,1,1,1,-1,1,0,1,1
9768,1,1,1,1,1,1,0,1,-1,1,1,1,1,0,-1,-1,1,1,0,1,1,1,1,-1,1,1,1,1,0,1,1
3713,1,-1,1,1,1,-1,-1,-1,-1,1,1,1,-1,0,-1,-1,1,1,0,1,1,1,1,-1,1,-1,1,1,0,1,-1
6469,1,1,1,1,1,-1,0,-1,-1,1,1,1,1,-1,-1,-1,1,1,0,1,1,1,1,1,1,0,-1,1,0,1,-1
6719,1,-1,1,1,1,-1,0,0,-1,1,1,1,1,-1,-1,-1,1,1,0,1,1,1,1,-1,1,-1,-1,1,0,1,-1
1219,1,1,1,1,1,1,0,1,-1,1,1,1,1,0,0,1,-1,-1,0,1,1,1,1,-1,1,0,-1,1,0,-1,1
1297,1,-1,1,1,1,-1,1,1,1,1,1,1,-1,0,0,-1,1,1,0,1,1,1,1,1,-1,0,1,-1,0,1,1
9846,1,-1,1,1,1,-1,1,1,-1,1,1,1,-1,0,0,0,1,1,0,1,1,1,1,1,1,1,-1,1,0,1,1
10200,-1,-1,1,-1,1,1,1,1,-1,-1,-1,1,1,1,0,-1,-1,1,0,-1,-1,-1,-1,1,1,-1,-1,1,1,1,1
5513,-1,-1,-1,-1,-1,1,1,1,1,1,1,-1,-1,1,0,1,-1,-1,0,1,1,1,1,-1,-1,1,1,1,1,1,1
5108,1,1,1,-1,1,1,-1,1,-1,1,1,1,1,0,1,1,1,1,0,1,1,1,1,-1,-1,1,-1,1,0,1,1
7024,-1,-1,1,1,1,-1,-1,-1,1,1,1,1,-1,0,0,-1,1,1,0,1,1,1,1,-1,1,1,1,1,1,1,1
2307,1,-1,1,1,1,-1,-1,-1,-1,-1,-1,1,1,-1,0,-1,-1,1,0,-1,-1,-1,-1,-1,1,-1,-1,1,0,-1,-1
2332,1,-1,1,1,1,-1,-1,1,1,-1,-1,1,-1,1,1,-1,-1,1,0,-1,-1,-1,-1,1,-1,1,-1,1,1,-1,1
5213,1,-1,1,1,1,-1,-1,-1,1,-1,1,1,-1,-1,1,-1,1,1,0,-1,1,-1,1,-1,-1,-1,-1,1,1,1,-1
10851,-1,-1,1,1,1,-1,1,-1,1,1,1,1,-1,0,-1,-1,1,1,0,1,1,1,1,1,1,1,-1,-1,0,1,-1
5415,-1,-1,1,-1,1,-1,0,-1,1,-1,1,1,-1,-1,-1,-1,1,-1,0,1,1,-1,1,-1,1,-1,1,1,1,-1,-1
7320,-1,-1,1,1,1,-1,1,1,-1,1,1,1,1,1,1,-1,1,1,0,1,1,1,1,-1,1,1,1,1,0,-1,1
6154,-1,-1,1,1,1,-1,0,-1,-1,1,1,1,-1,-1,-1,-1,1,1,0,1,1,1,1,-1,1,-1,1,1,0,-1,-1
8880,1,-1,1,1,1,-1,0,1,-1,1,1,1,1,0,0,-1,1,1,0,1,1,1,1,1,1,1,-1,1,0,1,1
5959,1,-1,1,1,1,-1,0,0,-1,1,1,1,-1,0,0,-1,1,1,0,1,1,1,1,-1,1,0,1,1,0,1,-1
548,1,1,1,1,1,-1,-1,1,-1,-1,-1,1,1,0,0,1,-1,1,0,1,1,1,1,-1,1,1,1,1,0,-1,1
4960,-1,-1,-1,1,1,-1,-1,1,1,1,1,-1,-1,0,-1,-1,-1,1,0,1,1,1,1,1,-1,1,-1,1,1,1,1
8543,1,-1,1,1,1,-1,0,1,-1,1,1,1,1,1,-1,-1,1,1,0,1,1,1,1,1,1,0,-1,1,0,1,1
6740,-1,1,1,-1,1,-1,1,0,-1,-1,-1,1,1,-1,0,-1,-1,1,0,1,1,1,1,1,1,0,-1,1,1,1,-1
3063,1,1,1,1,1,-1,-1,1,-1,-1,-1,1,1,0,0,1,-1,1,0,1,1,1,1,-1,1,1,1,1,0,-1,1
4635,1,1,1,1,1,-1,-1,-1,-1,1,1,-1,1,0,0,-1,1,1,0,1,1,1,1,1,1,0,-1,1,-1,1,1
8738,-1,1,1,1,1,-1,-1,0,-1,1,1,1,1,-1,-1,-1,1,1,0,1,1,1,1,1,1,0,1,1,1,1,-1
465,1,-1,1,1,1,-1,-1,1,-1,1,1,1,1,1,0,-1,1,1,0,1,1,1,1,1,-1,-1,1,1,1,1,1
8739,-1,-1,-1,1,1,1,1,1,-1,1,1,-1,1,0,-1,-1,1,1,0,1,1,1,1,1,-1,1,-1,1,-1,1,1
1992,1,-1,1,1,1,-1,-1,1,-1,1,1,1,1,0,0,-1,1,1,0,1,1,1,1,1,-1,0,-1,-1,1,1,-1
8028,1,-1,1,1,1,-1,0,1,-1,1,1,1,1,1,0,-1,1,1,0,1,1,1,1,-1,1,1,1,1,-1,1,1
7172,1,-1,1,1,1,-1,0,1,-1,1,1,1,-1,0,-1,-1,1,1,0,1,1,1,1,-1,1,1,1,1,0,1,-1
10350,-1,1,1,-1,1,-1,1,1,-1,-1,-1,1,1,1,-1,-1,-1,1,0,1,1,-1,1,1,1,1,1,1,1,1,1
8585,-1,-1,1,1,1,-1,-1,-1,-1,-1,1,1,-1,-1,1,-1,1,1,0,1,1,-1,1,1,1,1,-1,-1,0,1,-1
3611,1,-1,1,1,1,-1,-1,1,1,1,1,1,-1,0,-1,-1,1,1,0,1,1,1,1,-1,-1,1,-1,1,1,1,-1
3244,1,-1,1,1,1,-1,0,0,-1,1,1,1,1,-1,0,-1,-1,1,0,1,1,1,1,1,-1,-1,-1,1,0,1,-1
2503,1,-1,1,1,1,-1,-1,-1,-1,1,1,1,-1,0,-1,-1,1,1,0,1,1,1,1,-1,1,1,-1,1,0,1,-1
7042,1,-1,1,1,1,-1,1,1,1,1,1,1,1,0,0,1,1,1,0,1,1,1,1,-1,1,1,1,1,0,1,1
10270,-1,-1,1,1,1,-1,1,1,-1,1,1,1,1,1,1,1,1,1,0,1,1,1,1,-1,1,-1,-1,1,0,-1,1
4811,1,-1,1,1,1,-1,1,1,-1,1,1,-1,1,0,1,-1,1,1,0,1,1,1,1,1,1,0,-1,1,-1,1,1
7251,1,1,1,1,1,-1,-1,1,-1,1,1,1,1,1,0,0,1,1,0,1,1,1,1,1,1,1,-1,1,0,1,1
3043,1,-1,1,-1,1,-1,-1,-1,-1,1,1,1,1,-1,0,-1,1,1,0,1,1,1,1,-1,1,-1,-1,1,0,1,-1
7807,-1,-1,-1,1,-1,-1,0,1,-1,1,1,-1,1,0,0,-1,1,-1,0,1,1,1,1,-1,-1,1,1,-1,1,1,1
5555,-1,-1,1,-1,1,-1,0,-1,-1,1,1,1,1,0,-1,1,-1,-1,1,1,1,1,1,-1,1,-1,1,1,0,1,-1
2061,1,-1,1,1,1,-1,-1,-1,1,1,1,1,-1,-1,0,-1,1,1,0,1,1,1,1,-1,-1,-1,-1,1,1,1,-1
74,1,1,1,1,1,-1,0,1,-1,-1,-1,1,1,0,-1,1,-1,1,0,-1,1,-1,-1,-1,-1,1,-1,1,-1,1,1
9620,-1,1,-1,1,-1,-1,1,-1,-1,1,1,-1,1,-1,-1,-1,1,-1,1,1,1,1,1,-1,-1,1,1,1,1,1,-1
8768,1,-1,1,-1,1,1,-1,1,-1,1,1,1,1,1,1,-1,-1,-1,0,1,1,1,1,1,1,1,1,1,-1,1,1
4456,-1,-1,-1,1,-1,1,1,1,-1,1,1,-1,1,0,0,-1,1,-1,1,1,1,1,1,1,-1,1,-1,1,1,-1,1
4475,1,-1,1,1,1,-1,0,-1,1,1,1,1,-1,-1,0,-1,1,1,0,1,1,1,1,-1,1,-1,-1,1,0,1,-1
10653,1,-1,1,1,1,1,1,1,-1,1,1,1,1,0,0,-1,1,1,0,1,1,1,1,1,1,-1,-1,1,0,1,1
9090,-1,-1,-1,-1,-1,-1,1,1,1,1,1,-1,-1,1,1,-1,1,-1,1,1,1,1,1,1,-1,-1,-1,1,1,1,1
10196,-1,-1,1,1,1,-1,1,1,1,1,1,1,-1,0,1,1,1,1,0,1,1,1,1,-1,1,0,-1,1,1,1,1
10236,1,-1,1,1,1,-1,1,1,-1,1,1,1,1,0,1,1,1,1,0,1,1,1,1,1,1,1,-1,1,0,-1,1
1469,1,-1,1,1,1,-1,0,1,1,1,1,1,-1,0,1,-1,-1,1,0,1,1,1,1,-1,-1,-1,-1,1,1,1,1
98,1,0,1,1,1,-1,-1,-1,1,1,1,-1,-1,0,0,-1,1,1,0,1,1,1,1,-1,-1,1,-1,1,-1,1,-1
3655,1,-1,1,1,1,-1,-1,1,1,1,1,1,-1,0,0,-1,1,1,0,1,1,1,1,1,-1,0,-1,1,1,1,-1
2570,1,-1,1,1,1,-1,0,0,-1,1,1,1,1,-1,0,-1,1,1,0,1,1,1,1,1,1,-1,-1,1,0,1,-1
2214,1,-1,1,1,1,1,-1,1,-1,1,1,1,1,0,-1,-1,1,1,0,1,1,1,1,-1,-1,1,-1,1,1,1,1
3019,1,-1,1,1,1,-1,-1,-1,-1,-1,-1,1,1,1,0,-1,-1,1,0,-1,-1,-1,-1,-1,-1,0,-1,1,0,-1,-1
10550,1,-1,-1,-1,1,-1,1,1,-1,-1,-1,1,1,1,0,-1,-1,1,0,-1,-1,-1,-1,-1,1,-1,-1,1,0,1,1
9629,-1,-1,1,1,1,-1,1,1,-1,1,1,1,-1,0,1,1,1,1,0,1,1,1,1,-1,1,0,-1,1,0,1,1
7959,-1,-1,1,1,1,-1,0,-1,1,1,1,1,-1,-1,1,-1,1,1,0,1,1,1,1,-1,1,-1,1,1,1,1,-1
8206,1,1,-1,-1,1,-1,-1,1,-1,1,1,1,1,0,1,0,1,1,0,1,1,1,1,1,1,1,-1,1,1,1,1
10502,1,-1,1,1,1,-1,0,1,-1,1,1,-1,1,0,1,-1,1,1,0,1,1,1,1,1,1,1,-1,1,-1,1,1
412,1,-1,1,1,1,-1,0,1,-1,1,1,1,1,1,0,-1,1,1,0,1,1,1,1,-1,1,1,-1,1,0,1,1
6573,1,-1,1,1,1,-1,0,-1,-1,1,1,1,1,-1,0,-1,1,1,0,1,1,1,1,-1,1,-1,-1,1,0,-1,-1
9382,-1,-1,1,1,1,-1,0,-1,1,1,1,1,1,0,-1,-1,1,1,0,1,1,1,1,1,1,1,-1,1,1,1,-1
3722,1,-1,1,1,1,-1,0,0,1,-1,-1,1,-1,-1,-1,-1,-1,1,0,-1,1,-1,1,1,-1,1,-1,1,1,-1,-1
6367,-1,-1,1,1,1,-1,1,1,1,1,1,1,-1,1,1,1,1,1,0,1,1,1,1,-1,1,-1,1,1,1,1,1
2169,1,1,1,1,1,-1,-1,-1,-1,1,1,1,1,-1,-1,1,1,1,0,1,1,1,1,-1,-1,-1,-1,1,1,1,-1
6948,-1,1,1,1,1,1,0,1,-1,1,1,1,1,1,0,-1,1,1,0,1,1,1,1,1,1,1,-1,1,1,1,1
3924,1,-1,1,1,1,-1,-1,1,-1,-1,-1,1,-1,0,-1,-1,-1,1,0,1,1,1,1,1,-1,0,-1,1,1,-1,-1
7561,-1,1,-1,1,1,1,1,1,-1,1,1,-1,1,0,1,-1,1,1,0,1,1,1,1,1,1,1,-1,1,-1,1,1
6156,1,-1,1,-1,1,-1,0,-1,1,-1,-1,1,-1,-1,0,1,-1,1,0,-1,1,-1,-1,-1,1,-1,-1,1,0,1,-1
2556,1,1,1,1,1,-1,-1,1,-1,1,1,1,1,0,0,1,1,1,0,1,1,1,1,1,-1,1,-1,1,0,1,1
7204,-1,-1,1,-1,1,-1,1,1,-1,-1,-1,1,1,0,0,-1,-1,1,0,-1,-1,-1,-1,-1,1,1,-1,1,1,1,1
9850,-1,-1,1,1,1,-1,0,-1,-1,-1,1,1,1,0,0,1,1,1,0,1,1,-1,1,1,1,1,-1,1,1,1,-1
3496,1,-1,1,1,1,-1,-1,-1,-1,-1,-1,1,1,-1,0,-1,-1,1,0,-1,-1,-1,-1,-1,1,-1,-1,1,0,-1,-1
7785,1,-1,1,1,1,-1,-1,-1,1,1,1,1,-1,0,-1,-1,1,1,0,1,1,1,1,-1,1,0,1,1,0,1,-1
729,1,-1,1,1,1,-1,1,1,1,1,1,1,-1,0,-1,-1,1,1,0,1,1,1,1,1,1,-1,-1,1,0,1,1
7998,1,-1,1,-1,1,-1,0,-1,1,-1,-1,1,-1,0,0,0,-1,1,1,1,1,-1,1,-1,1,-1,1,1,0,1,-1
8888,1,1,-1,1,-1,-1,-1,0,-1,1,1,-1,-1,-1,1,-1,1,-1,1,1,1,1,1,1,-1,0,1,1,0,1,-1
8630,1,-1,1,1,1,-1,0,-1,-1,1,1,-1,-1,-1,-1,-1,1,1,0,1,1,1,1,1,1,-1,-1,1,0,1,-1
3593,-1,-1,-1,1,-1,-1,0,1,1,1,1,-1,-1,1,-1,-1,1,-1,1,1,1,1,1,-1,-1,1,-1,1,1,-1,1
1238,1,-1,1,1,1,-1,-1,-1,-1,1,1,1,1,0,0,-1,1,1,0,1,1,1,1,-1,1,1,-1,1,0,1,-1
5410,-1,-1,1,-1,1,-1,-1,-1,-1,-1,-1,1,1,-1,-1,-1,-1,1,0,1,1,1,1,-1,1,0,1,1,1,-1,-1
3753,1,-1,1,1,1,-1,0,0,-1,1,1,1,1,-1,-1,-1,1,1,0,1,1,1,1,1,-1,-1,-1,1,1,1,-1
10297,1,-1,1,1,1,-1,1,1,-1,-1,1,1,1,1,1,1,1,1,0,1,1,-1,1,1,1,-1,-1,1,1,1,1
6958,-1,1,1,1,1,-1,0,1,-1,1,1,1,1,0,1,-1,1,1,0,1,1,-1,1,1,1,0,1,1,1,1,-1
10535,-1,1,1,-1,1,-1,0,1,-1,-1,1,1,1,0,1,-1,1,-1,0,-1,1,-1,1,1,1,1,1,1,-1,1,-1
7041,-1,-1,1,1,1,-1,1,1,-1,1,1,1,1,0,1,1,1,1,0,1,1,1,1,-1,1,-1,-1,1,1,1,1
4749,1,1,1,1,1,-1,-1,1,-1,1,1,1,1,0,1,1,1,1,0,1,1,1,1,1,1,1,-1,1,1,1,1
8989,1,-1,1,1,1,-1,-1,-1,1,1,1,1,1,-1,0,-1,1,1,0,1,1,1,1,1,1,1,-1,1,1,-1,-1
10161,-1,-1,1,1,1,-1,0,1,-1,-1,1,1,1,0,1,-1,1,1,0,1,1,-1,-1,1,1,1,-1,1,1,1,1
3833,1,-1,1,1,1,-1,1,-1,1,1,1,1,-1,-1,-1,-1,1,1,0,1,1,1,1,1,-1,-1,-1,1,0,1,-1
38,1,-1,1,1,1,-1,0,1,1,1,1,1,-1,1,0,-1,-1,-1,0,1,1,1,1,-1,1,1,-1,1,0,-1,1
10646,1,-1,1,-1,-1,-1,1,1,-1,1,1,1,1,1,0,1,1,1,0,1,1,1,1,1,1,-1,-1,-1,0,1,1
7640,1,-1,1,1,1,-1,1,0,-1,1,1,1,1,-1,0,0,1,1,0,1,1,1,1,-1,1,-1,-1,1,0,1,-1
5629,-1,-1,1,1,1,-1,0,-1,-1,-1,1,1,-1,-1,-1,-1,1,1,1,1,1,-1,1,-1,1,0,1,1,1,1,-1
9836,-1,-1,-1,1,-1,1,1,1,-1,1,1,-1,1,0,0,-1,1,-1,1,1,1,1,1,1,-1,0,-1,1,1,1,1
5116,1,-1,1,1,1,-1,0,-1,1,1,1,1,-1,-1,-1,-1,1,1,0,1,1,1,1,-1,1,0,-1,1,0,1,-1
7970,-1,-1,1,1,1,-1,1,1,-1,1,1,1,1,0,-1,-1,1,1,0,1,1,1,1,-1,1,1,1,1,0,1,1
8305,1,1,-1,-1,-1,1,1,1,-1,1,1,-1,1,0,0,-1,-1,-1,0,1,1,1,1,1,-1,-1,1,1,1,1,1
8086,-1,0,-1,-1,-1,-1,-1,1,1,1,-1,1,-1,-1,1,-1,1,-1,0,1,-1,1,-1,1,1,1,-1,-1,1,1,-1
6588,-1,-1,1,1,1,-1,0,-1,-1,1,1,1,1,0,0,-1,-1,1,0,1,1,1,1,-1,1,1,-1,1,0,1,-1
3172,1,-1,1,1,1,1,-1,1,-1,1,1,1,1,1,1,-1,1,1,0,1,1,1,1,1,1,1,-1,1,-1,1,1
1683,-1,-1,-1,1,-1,-1,0,1,-1,1,1,-1,1,0,0,-1,1,-1,1,1,1,1,1,1,-1,1,-1,1,1,1,1
8523,-1,-1,1,-1,1,-1,1,1,-1,-1,-1,1,1,0,0,1,-1,1,0,-1,1,-1,-1,-1,1,1,-1,-1,1,1,1
3453,1,-1,1,1,1,-1,-1,-1,-1,1,1,1,1,0,0,-1,1,1,0,1,1,1,1,-1,1,0,-1,1,0,-1,-1
6308,-1,-1,1,1,1,-1,1,1,1,1,1,-1,-1,0,1,0,-1,1,0,1,1,1,1,-1,1,1,-1,1,0,1,1
2094,1,-1,1,-1,1,-1,-1,1,-1,1,1,1,1,1,1,-1,1,1,0,1,1,1,1,1,1,1,-1,1,0,1,1
5247,-1,-1,1,1,1,1,1,1,-1,1,1,1,1,-1,-1,-1,1,1,0,1,1,1,1,-1,-1,1,-1,1,1,1,1
7445,1,-1,1,1,-1,-1,0,0,1,1,1,1,-1,0,-1,-1,1,1,1,1,1,1,1,-1,1,0,1,-1,1,1,-1
1122,1,-1,1,1,1,-1,-1,1,1,1,1,1,1,1,0,-1,1,1,0,1,1,1,1,1,1,1,-1,1,0,1,1
10773,-1,-1,1,1,1,-1,0,-1,-1,1,1,1,-1,-1,-1,-1,1,1,0,1,1,1,1,1,1,0,-1,-1,0,-1,-1
1716,1,-1,1,-1,1,-1,0,0,-1,1,1,-1,-1,-1,0,-1,1,1,0,1,1,1,1,1,-1,-1,-1,1,1,1,-1
3679,1,-1,1,1,1,-1,-1,1,-1,-1,-1,1,1,0,1,-1,-1,1,0,1,-1,-1,-1,1,-1,1,1,1,1,-1,1
9705,-1,-1,1,1,1,-1,-1,0,1,1,1,1,1,-1,-1,-1,1,1,0,1,1,1,1,1,1,0,-1,1,0,1,-1
7871,1,0,1,1,1,-1,0,-1,1,1,1,1,-1,-1,1,1,-1,1,0,1,1,1,1,1,1,1,-1,-1,0,1,-1
4928,-1,-1,-1,1,1,-1,1,-1,-1,1,1,1,1,0,-1,0,-1,1,0,1,1,1,1,-1,1,-1,1,1,1,1,-1
4177,1,-1,1,1,-1,1,0,1,1,-1,-1,-1,-1,0,1,-1,-1,-1,1,-1,1,-1,1,-1,-1,1,1,1,0,-1,1
4671,1,-1,1,1,1,-1,-1,1,-1,1,1,1,1,0,-1,-1,1,1,0,1,1,1,1,-1,1,0,-1,1,0,1,-1
2372,1,-1,1,1,1,-1,0,-1,1,1,1,1,-1,-1,0,-1,1,1,0,1,1,1,1,-1,1,-1,-1,1,0,1,-1
6789,1,-1,1,1,1,-1,1,0,1,1,1,1,-1,-1,0,-1,1,1,0,1,1,1,1,-1,1,-1,-1,1,0,-1,-1
2903,1,-1,1,-1,1,-1,-1,1,-1,1,1,1,1,1,1,-1,1,1,0,1,1,1,1,1,1,1,-1,1,0,1,1
5666,1,-1,1,1,1,-1,1,1,-1,1,1,1,-1,1,-1,1,1,1,0,1,1,1,1,-1,1,0,1,1,0,1,1
2042,1,-1,1,1,1,-1,-1,-1,-1,1,1,1,1,0,0,-1,1,1,0,1,1,1,1,1,-1,0,-1,1,1,1,-1
698,1,-1,1,1,1,-1,-1,-1,1,1,1,1,1,0,0,-1,1,1,0,1,1,1,1,-1,1,1,-1,1,1,1,-1
6078,1,-1,1,-1,1,-1,1,-1,1,-1,-1,1,-1,-1,0,-1,-1,1,0,-1,-1,-1,-1,-1,1,0,1,1,0,-1,-1
2560,1,-1,1,1,1,-1,0,-1,1,1,1,1,-1,-1,-1,-1,1,1,0,1,1,1,1,-1,-1,-1,-1,1,0,1,-1
7583,-1,-1,1,1,1,-1,1,-1,1,1,1,1,-1,-1,0,-1,1,1,0,1,1,1,1,-1,1,-1,1,1,1,1,-1
8306,1,-1,1,1,1,-1,0,1,1,1,1,1,-1,0,-1,-1,1,1,0,1,1,1,1,1,1,0,-1,1,0,1,-1
10592,1,-1,1,1,1,1,1,1,-1,1,1,1,1,0,1,-1,1,1,0,1,1,1,1,1,1,1,-1,1,0,-1,1
2028,1,-1,1,1,1,-1,0,0,-1,1,1,1,-1,-1,-1,-1,-1,1,0,1,1,1,1,1,1,-1,-1,-1,0,1,-1
3143,1,-1,1,1,1,-1,-1,-1,1,1,1,1,1,0,0,-1,1,1,0,1,1,1,1,1,-1,1,-1,-1,1,1,-1
1389,1,-1,1,1,1,-1,-1,-1,1,1,1,1,1,0,0,-1,1,1,0,1,1,1,1,-1,1,-1,-1,-1,0,1,-1
5216,1,-1,1,1,1,-1,0,-1,-1,1,1,1,1,0,1,-1,1,1,0,1,1,1,1,-1,1,1,-1,1,0,1,1
181,1,-1,1,-1,1,-1,0,-1,-1,1,1,1,1,-1,1,-1,-1,-1,0,1,1,1,1,-1,1,1,-1,1,1,-1,-1
516,1,1,1,1,1,-1,-1,1,-1,1,1,1,1,1,1,1,1,1,0,1,1,1,1,1,-1,1,-1,1,1,1,1
1690,1,-1,1,1,1,-1,1,1,1,1,1,1,-1,1,1,-1,1,1,0,1,1,1,1,1,1,1,-1,1,0,1,1
9136,-1,1,1,1,1,-1,-1,1,-1,1,1,1,-1,1,0,-1,1,1,0,1,1,1,1,-1,1,-1,1,1,1,1,1
110,1,-1,1,1,1,-1,-1,-1,1,1,1,1,1,0,0,-1,1,1,0,1,1,1,1,-1,1,1,-1,1,0,1,-1
545,1,1,1,1,1,-1,0,1,-1,1,1,1,1,0,-1,1,1,1,0,1,1,1,1,-1,1,1,-1,1,0,1,1
4277,-1,1,-1,1,-1,-1,1,1,-1,1,1,-1,1,0,-1,1,1,-1,1,1,1,1,1,1,-1,1,-1,1,1,-1,1
1974,1,-1,1,1,1,-1,-1,1,-1,1,1,1,1,0,0,-1,1,1,0,1,1,1,1,1,1,1,1,1,0,1,1
760,1,-1,1,1,1,-1,1,-1,1,1,1,1,-1,0,-1,-1,1,1,0,1,1,1,1,-1,-1,1,-1,1,0,1,-1
7709,-1,-1,1,1,1,-1,0,-1,1,1,1,1,-1,-1,0,0,1,1,0,1,1,1,1,-1,1,0,1,1,0,1,-1
9073,1,-1,1,1,1,-1,1,1,-1,1,1,1,1,1,0,-1,1,1,0,1,1,1,1,1,1,0,-1,1,0,1,1
5042,1,-1,1,1,1,-1,1,-1,1,1,1,1,-1,-1,0,-1,1,1,0,1,1,1,1,-1,-1,-1,-1,1,1,-1,-1
1746,1,-1,1,1,1,-1,-1,1,-1,1,1,1,1,0,0,-1,1,1,0,1,1,1,1,1,1,0,-1,1,0,1,1
10263,-1,-1,1,1,1,1,1,-1,1,1,1,1,-1,0,0,-1,1,1,0,1,1,1,1,1,1,0,-1,-1,1,1,1
9965,-1,-1,1,1,1,-1,1,1,1,1,1,1,-1,0,1,-1,1,1,0,1,1,1,1,1,1,1,-1,1,1,1,1
7754,1,1,1,-1,1,-1,0,1,-1,1,1,-1,1,0,0,-1,1,-1,0,1,1,1,1,1,1,1,1,1,0,1,1
7695,-1,-1,1,-1,1,-1,0,-1,-1,-1,-1,1,-1,-1,0,0,-1,1,0,1,1,-1,1,-1,1,0,1,1,1,1,-1
9782,1,1,1,1,1,-1,1,1,-1,1,1,1,1,0,0,-1,1,1,0,1,1,1,1,1,1,1,1,1,0,1,1
1080,1,-1,1,1,1,-1,0,1,-1,1,1,1,1,0,0,-1,1,1,0,1,1,1,1,-1,1,1,1,1,0,1,1
2038,1,-1,1,1,1,-1,1,-1,1,1,1,1,-1,-1,-1,-1,1,1,0,1,1,1,1,-1,-1,-1,-1,-1,1,1,-1
3487,1,-1,1,1,1,-1,-1,-1,1,1,1,1,-1,-1,0,-1,1,1,0,1,1,1,1,-1,-1,0,-1,1,0,1,-1
1888,1,-1,1,1,1,-1,0,1,-1,1,1,1,-1,0,1,-1,1,1,0,1,1,1,1,-1,1,1,1,1,0,1,1
5029,1,-1,1,1,1,-1,-1,-1,-1,1,1,1,-1,0,-1,-1,1,1,0,1,1,1,1,1,-1,1,-1,-1,1,1,-1
3223,1,-1,1,1,1,-1,-1,-1,1,1,1,1,-1,0,0,-1,1,1,0,1,1,1,1,-1,1,1,-1,1,0,1,1
1158,1,-1,1,1,1,-1,-1,-1,-1,1,1,1,-1,0,-1,-1,1,1,0,1,1,1,1,-1,-1,1,-1,-1,0,1,-1
10404,-1,-1,-1,-1,-1,-1,-1,-1,1,-1,-1,-1,-1,-1,1,-1,-1,-1,1,-1,1,-1,-1,1,-1,0,-1,-1,1,1,-1
4609,1,-1,1,1,1,-1,-1,1,-1,1,1,1,1,0,-1,-1,1,1,0,1,1,1,1,-1,-1,0,-1,-1,0,1,-1
10806,1,-1,1,1,1,-1,1,1,-1,1,1,1,1,1,0,-1,1,1,0,1,1,1,1,1,1,1,-1,1,0,1,1
1871,1,-1,1,-1,1,-1,0,0,-1,1,1,1,-1,-1,1,-1,1,1,0,1,1,1,1,1,-1,1,-1,-1,0,1,-1
8301,1,-1,1,1,1,1,1,-1,-1,1,1,1,1,1,1,-1,1,1,0,1,1,1,1,1,1,0,-1,1,0,1,1
8422,-1,1,1,1,1,1,-1,1,-1,1,1,1,1,1,0,-1,1,1,0,1,1,1,1,1,1,-1,1,1,1,1,1
634,1,1,1,1,1,-1,0,1,-1,1,1,1,1,1,0,1,1,1,0,1,1,1,1,-1,1,1,-1,1,0,1,1
4546,1,-1,1,1,1,1,1,1,-1,-1,1,1,1,0,1,-1,1,1,0,1,1,-1,1,1,-1,1,-1,1,1,1,1
8330,1,-1,-1,1,-1,-1,1,-1,-1,1,1,-1,1,0,0,1,1,-1,1,1,1,1,1,1,-1,1,-1,1,1,1,1
298,1,-1,1,1,1,-1,1,1,1,1,1,1,-1,0,0,-1,1,1,0,1,1,1,1,1,-1,1,-1,1,0,1,1
8053,1,-1,1,-1,1,-1,1,1,-1,-1,-1,1,1,0,1,1,-1,-1,0,-1,1,-1,1,-1,1,1,1,1,0,1,1
8949,1,1,1,1,1,-1,1,1,-1,1,1,1,1,0,1,1,1,1,0,1,1,1,1,1,1,-1,1,1,0,-1,1
7337,-1,-1,1,1,1,-1,1,1,-1,1,1,1,-1,0,-1,-1,1,1,0,1,1,1,1,-1,1,1,-1,1,1,1,1
409,1,-1,1,1,1,-1,0,1,-1,1,1,1,1,0,0,-1,1,1,0,1,1,1,1,1,-1,1,-1,1,1,1,1
3477,1,1,1,1,1,-1,-1,1,-1,1,1,1,1,1,1,1,1,1,0,1,1,1,1,1,-1,1,1,1,0,1,1
9755,-1,-1,1,-1,1,-1,0,-1,-1,-1,-1,1,1,0,1,-1,-1,1,0,-1,1,-1,-1,1,1,-1,-1,1,1,1,1
10315,1,-1,1,1,1,-1,1,1,1,1,1,1,-1,0,1,-1,1,1,0,1,1,1,1,-1,1,0,-1,1,0,1,1
3976,1,-1,1,1,1,-1,0,-1,-1,1,1,1,1,-1,0,-1,1,1,0,1,1,1,1,-1,1,1,-1,1,0,1,-1
2258,1,-1,1,1,1,-1,1,1,-1,1,1,1,1,0,1,-1,1,1,0,-1,1,1,1,1,-1,1,-1,1,0,1,1
5704,-1,0,1,1,1,-1,0,-1,1,-1,1,1,-1,-1,0,0,1,1,0,-1,1,-1,1,-1,1,0,1,1,0,1,-1
4503,1,-1,1,1,1,-1,0,-1,-1,1,1,1,1,0,0,-1,1,1,0,1,1,1,1,1,1,1,-1,1,0,1,1
5667,1,-1,1,1,1,-1,0,-1,-1,1,1,1,1,1,0,-1,1,1,0,1,1,1,1,-1,1,1,-1,1,0,1,1
6481,1,-1,1,1,1,-1,-1,1,-1,1,1,1,1,1,0,-1,1,1,0,1,1,1,1,-1,1,0,-1,1,0,1,1
8525,-1,-1,1,-1,1,-1,1,1,-1,-1,-1,1,1,0,-1,1,-1,1,0,1,-1,-1,-1,1,1,-1,-1,1,1,1,1
7607,1,-1,1,1,1,-1,0,-1,1,1,1,1,-1,-1,-1,-1,1,1,0,1,1,1,1,-1,1,0,-1,1,0,1,-1
319,-1,-1,-1,1,-1,-1,0,0,1,1,1,-1,-1,-1,1,-1,1,-1,1,1,1,1,1,1,-1,-1,-1,1,0,1,-1
6576,-1,-1,1,1,1,-1,0,-1,1,1,1,1,-1,-1,-1,0,1,1,1,1,1,1,1,-1,1,0,-1,1,0,1,-1
8430,-1,1,1,-1,1,-1,1,1,-1,-1,-1,1,1,0,-1,-1,-1,1,0,1,1,-1,1,-1,1,-1,1,1,1,1,1
9578,-1,-1,1,-1,1,-1,-1,-1,-1,-1,-1,1,1,-1,0,-1,-1,1,0,-1,-1,-1,-1,1,1,0,-1,1,0,1,-1
1950,1,-1,1,1,1,1,1,1,-1,1,1,1,1,0,1,-1,1,1,0,1,1,1,1,1,-1,-1,-1,1,1,1,1
4494,1,-1,1,1,1,-1,1,-1,-1,1,1,1,-1,-1,0,-1,-1,1,0,1,1,1,1,-1,-1,-1,-1,1,0,1,-1
7365,-1,-1,-1,1,-1,1,-1,1,-1,1,1,-1,1,0,0,-1,1,-1,0,1,1,1,1,-1,-1,1,-1,-1,1,1,1
8508,1,1,1,1,-1,-1,1,1,-1,-1,1,-1,1,0,1,-1,1,1,0,-1,1,-1,1,1,1,-1,1,1,0,1,1
5961,1,-1,1,1,1,-1,0,-1,1,1,1,1,-1,0,-1,-1,1,1,1,1,1,1,1,-1,1,0,1,1,0,-1,-1
10062,1,-1,1,1,1,-1,0,1,-1,1,1,1,1,0,0,-1,1,1,0,1,1,1,1,1,1,1,-1,1,0,1,1
10587,1,1,1,-1,1,-1,1,1,-1,1,1,-1,1,0,0,-1,1,-1,0,1,1,1,1,1,1,1,1,1,0,1,1
8613,1,-1,1,1,1,-1,0,1,1,1,1,1,-1,0,1,-1,1,1,0,-1,1,1,1,1,1,1,-1,1,0,1,-1
7887,1,1,1,1,1,-1,0,1,-1,1,1,1,1,1,-1,1,1,1,1,1,1,1,1,1,1,1,1,1,0,1,1
1015,-1,-1,-1,1,-1,-1,-1,-1,-1,-1,-1,-1,-1,-1,1,-1,-1,-1,1,-1,-1,-1,-1,1,-1,1,-1,1,1,-1,-1
6427,1,-1,1,1,1,-1,-1,1,1,1,1,1,-1,0,1,-1,1,1,0,1,1,1,1,-1,1,1,1,1,0,1,1
876,1,-1,1,1,1,-1,1,1,-1,1,1,1,1,0,0,-1,1,1,0,1,1,1,1,-1,-1,0,-1,1,0,1,1
291,1,-1,1,1,-1,1,1,1,-1,-1,-1,1,1,1,-1,-1,-1,-1,1,-1,1,-1,1,1,-1,1,1,1,1,-1,1
1831,1,-1,1,1,1,-1,-1,-1,1,1,1,1,1,-1,-1,-1,1,1,0,1,1,1,1,-1,1,-1,-1,1,0,1,-1
10113,-1,-1,-1,1,-1,1,1,1,-1,1,1,-1,1,1,-1,-1,1,-1,1,1,1,1,1,1,-1,-1,-1,1,1,1,1
9658,1,-1,1,1,1,-1,1,1,1,1,1,1,-1,0,0,-1,1,1,0,1,1,1,1,1,1,0,-1,1,1,1,1
3747,1,-1,1,1,1,-1,-1,-1,-1,-1,1,1,1,0,0,-1,1,1,0,1,1,-1,1,-1,-1,0,1,1,1,1,-1
218,-1,-1,-1,1,-1,1,-1,1,-1,1,1,-1,-1,0,0,-1,1,-1,0,1,1,1,1,1,-1,1,-1,1,0,-1,1
9453,-1,-1,1,1,1,-1,1,1,1,1,1,1,-1,0,-1,1,1,1,0,1,1,1,1,-1,1,0,-1,1,1,1,1
6569,-1,-1,1,1,1,-1,0,0,-1,1,1,1,1,-1,0,-1,1,1,1,1,1,1,1,-1,1,-1,-1,1,0,1,-1
1771,1,-1,1,1,1,-1,-1,-1,1,1,1,1,-1,0,0,-1,1,1,0,1,1,1,1,-1,-1,1,-1,1,0,1,-1
1695,1,-1,1,1,1,-1,-1,1,1,-1,-1,1,-1,0,-1,-1,-1,1,0,-1,1,-1,-1,-1,1,0,-1,1,0,-1,-1
4584,1,1,1,-1,1,-1,-1,-1,-1,1,1,1,-1,-1,0,1,1,1,0,1,1,1,1,-1,1,-1,-1,1,0,1,-1
950,1,-1,1,1,1,-1,0,-1,-1,1,1,1,1,-1,-1,-1,1,1,0,1,1,1,1,-1,-1,0,-1,1,0,1,-1
10432,1,-1,1,1,1,-1,-1,-1,-1,1,1,1,1,-1,-1,-1,1,1,0,1,1,1,1,1,1,0,-1,1,0,1,-1
10281,-1,1,1,1,1,-1,-1,-1,-1,1,1,1,1,-1,0,0,1,1,0,1,1,1,1,1,1,0,1,1,1,1,-1
3983,1,-1,1,1,1,-1,-1,-1,-1,1,1,1,-1,-1,-1,-1,1,1,0,1,1,1,1,1,-1,-1,-1,1,0,1,-1
6137,1,-1,1,1,1,-1,0,1,1,1,1,1,1,0,-1,-1,-1,1,0,1,1,1,1,-1,1,0,1,1,1,1,-1
1694,1,-1,1,1,1,-1,1,-1,1,1,1,1,-1,-1,1,-1,1,1,0,1,1,1,1,1,-1,-1,-1,1,1,1,-1
8883,1,-1,1,-1,1,-1,1,0,-1,-1,-1,1,1,-1,-1,-1,-1,1,0,-1,-1,-1,-1,1,1,1,-1,1,1,1,-1
9973,1,-1,1,-1,1,1,1,1,-1,-1,-1,1,-1,1,0,-1,-1,1,0,1,1,1,1,1,1,-1,-1,1,0,1,1
10813,-1,1,-1,-1,-1,-1,1,1,-1,1,1,-1,1,0,0,-1,1,-1,1,1,1,1,1,1,-1,1,1,1,1,1,1
514,1,1,1,1,1,-1,-1,-1,-1,1,1,1,1,-1,-1,1,1,1,0,1,1,1,1,-1,-1,-1,-1,1,0,1,-1
5928,1,1,1,1,1,-1,1,1,-1,1,1,1,1,0,0,0,1,1,0,1,1,1,1,1,1,1,1,1,0,1,1
2007,1,-1,1,1,1,-1,-1,1,1,1,1,1,-1,0,-1,-1,1,1,0,1,1,1,1,-1,1,1,-1,1,0,1,-1
7161,-1,-1,-1,1,-1,1,1,1,1,1,1,-1,-1,1,1,-1,1,-1,0,1,1,1,1,-1,-1,1,-1,-1,1,1,1
791,1,-1,1,1,1,-1,-1,-1,1,1,1,1,-1,-1,-1,-1,1,1,0,1,1,1,1,-1,-1,-1,-1,-1,1,1,-1
1380,1,-1,1,1,1,-1,0,0,1,1,1,1,-1,-1,0,-1,1,1,0,1,1,1,1,1,-1,-1,-1,-1,0,1,-1
220,1,-1,1,1,1,-1,-1,1,-1,1,1,1,1,0,0,-1,1,1,0,1,1,1,1,1,1,1,1,1,0,1,1
4561,1,-1,1,1,1,1,-1,1,-1,-1,-1,1,1,1,0,-1,-1,1,0,-1,-1,-1,-1,1,-1,1,-1,1,1,-1,1
2365,1,1,1,1,1,1,0,-1,-1,1,1,1,1,0,0,1,1,1,0,1,1,1,1,1,1,1,-1,1,-1,1,1
9694,1,-1,1,1,1,-1,0,-1,1,1,1,-1,-1,0,-1,-1,1,1,0,1,1,1,1,1,1,-1,-1,-1,1,1,1
5729,-1,1,1,-1,1,1,1,1,-1,-1,-1,1,1,1,1,1,-1,1,0,-1,1,-1,-1,1,1,1,1,1,1,1,1
7715,-1,1,-1,1,-1,-1,0,0,1,1,1,-1,-1,-1,1,-1,1,1,0,-1,1,-1,1,-1,-1,-1,-1,1,0,1,-1
9749,-1,1,1,1,1,-1,1,1,-1,1,1,1,1,0,0,0,1,1,0,1,1,1,1,1,1,1,1,1,0,1,1
1986,1,-1,1,1,1,-1,0,1,1,1,1,1,-1,0,1,-1,1,1,0,1,1,1,1,-1,-1,1,-1,1,1,1,1
2809,1,-1,1,1,1,-1,0,-1,1,1,1,-1,-1,-1,-1,-1,-1,-1,0,1,1,1,1,1,1,0,-1,1,-1,-1,-1
2101,1,1,1,1,1,-1,-1,-1,-1,1,1,1,1,-1,-1,1,1,1,0,1,1,1,1,1,-1,-1,-1,-1,1,1,-1
2102,1,-1,1,1,1,-1,0,0,1,-1,-1,1,1,-1,1,-1,-1,1,0,1,1,-1,1,1,-1,1,-1,1,1,1,-1
1633,1,-1,1,1,1,-1,1,-1,1,1,1,1,-1,-1,-1,-1,1,1,0,1,1,1,1,1,1,0,-1,1,0,1,-1
5867,-1,-1,1,-1,1,-1,-1,1,-1,-1,-1,1,1,0,0,1,-1,1,1,-1,1,-1,-1,-1,1,1,1,1,1,1,1
879,1,-1,1,1,1,-1,-1,-1,-1,1,1,1,1,0,-1,-1,1,1,0,1,1,1,1,-1,-1,1,-1,1,0,1,-1
8653,-1,-1,1,-1,1,1,-1,1,-1,1,1,1,-1,0,1,-1,1,1,0,1,1,1,1,1,1,-1,-1,1,1,1,1
6527,1,-1,1,1,1,-1,1,1,-1,1,1,1,1,0,1,1,1,1,0,1,1,1,1,-1,1,1,1,1,0,-1,1
311,1,-1,1,1,1,-1,-1,-1,-1,-1,-1,1,1,0,-1,-1,-1,1,0,1,1,-1,1,1,1,1,-1,1,0,1,1
3110,1,-1,1,1,1,-1,0,1,1,1,1,1,-1,0,0,-1,1,1,0,1,1,1,1,-1,-1,1,-1,1,0,1,1
3188,1,0,1,1,1,-1,0,1,1,1,1,-1,-1,0,-1,-1,-1,-1,0,1,1,1,1,-1,1,-1,-1,-1,0,-1,1
6753,-1,-1,1,1,1,-1,1,-1,-1,1,1,1,-1,0,-1,1,1,1,0,1,1,1,1,-1,1,-1,1,1,0,1,-1
1973,1,-1,1,1,1,-1,1,1,-1,1,1,1,1,1,-1,-1,1,1,0,1,1,1,1,1,1,0,1,1,0,1,1
4148,1,-1,1,1,1,1,-1,1,-1,1,1,1,1,0,0,-1,1,1,0,1,1,1,1,-1,1,1,1,1,0,1,1
8930,-1,-1,-1,-1,-1,-1,1,1,-1,1,1,-1,-1,1,-1,-1,1,-1,1,1,1,1,1,-1,-1,0,-1,1,1,1,1
7184,1,-1,1,1,1,-1,0,0,1,1,1,1,-1,0,-1,-1,1,1,1,1,1,1,1,-1,1,0,1,1,0,1,-1
7507,1,-1,1,1,1,-1,1,1,-1,1,1,1,-1,1,0,1,1,1,0,1,1,1,1,-1,1,1,1,1,0,1,1
850,1,-1,1,1,1,-1,-1,1,-1,1,1,1,1,1,0,-1,1,1,0,1,1,1,1,1,1,1,1,1,0,1,1
3904,1,-1,1,1,-1,-1,0,0,-1,1,1,-1,-1,-1,1,-1,1,1,0,1,1,1,1,1,1,-1,-1,1,0,1,-1
1011,1,1,1,1,-1,1,1,1,-1,-1,1,1,1,1,1,1,1,1,1,-1,1,-1,1,1,-1,1,-1,1,0,1,1
10117,-1,0,1,1,1,-1,-1,-1,-1,1,1,-1,1,-1,0,-1,1,1,0,1,1,1,1,1,1,0,-1,1,1,1,-1
6910,1,-1,1,1,1,-1,1,1,-1,1,1,1,1,0,0,-1,1,1,0,1,1,1,1,-1,1,1,1,1,0,1,1
6355,-1,-1,1,-1,1,-1,1,0,1,-1,-1,1,-1,-1,-1,-1,-1,1,1,-1,-1,-1,-1,-1,1,1,-1,1,1,1,-1
8925,1,-1,1,1,1,-1,-1,0,-1,1,1,1,1,-1,-1,-1,1,1,0,1,1,1,1,1,1,0,-1,1,0,1,-1
3336,1,-1,1,1,1,-1,0,1,1,1,1,1,-1,0,1,-1,1,1,0,1,1,1,1,-1,1,1,-1,1,0,1,1
540,1,-1,1,1,1,-1,-1,-1,-1,-1,-1,1,1,-1,0,-1,-1,1,0,1,1,-1,1,-1,1,-1,-1,1,0,1,-1
10865,-1,-1,1,1,1,-1,-1,1,1,1,1,1,-1,1,1,1,1,1,0,1,1,1,1,1,1,1,-1,1,1,1,1
10926,1,-1,1,1,1,-1,0,1,-1,1,1,1,1,0,0,-1,1,1,0,1,1,1,1,1,1,0,-1,1,0,1,1
8830,1,-1,1,1,1,-1,1,-1,-1,1,1,1,1,1,0,-1,1,1,0,1,1,1,1,1,1,0,-1,1,0,1,1
7177,-1,-1,1,1,1,-1,1,0,-1,1,1,1,-1,-1,1,-1,1,1,1,1,1,1,1,-1,1,1,-1,1,0,-1,-1
2104,1,-1,1,1,1,-1,1,1,-1,-1,-1,1,1,0,1,-1,-1,1,0,1,1,-1,1,1,-1,0,-1,-1,1,1,-1
4688,1,1,1,1,1,-1,-1,-1,-1,1,1,1,1,-1,0,1,1,1,0,1,1,1,1,-1,-1,-1,-1,1,1,1,-1
5496,-1,-1,1,1,1,-1,1,1,-1,1,1,1,1,0,0,-1,1,1,1,1,1,1,1,-1,1,1,-1,1,1,1,1
10421,1,-1,1,-1,1,1,0,1,-1,1,1,-1,-1,1,-1,-1,-1,-1,0,1,1,1,1,1,1,-1,-1,1,0,1,1
1303,1,-1,1,1,1,-1,-1,1,-1,1,1,1,1,-1,-1,-1,1,1,0,1,1,1,1,-1,-1,0,-1,1,0,1,-1
5053,-1,-1,1,1,-1,1,1,1,-1,1,1,1,1,1,0,0,1,-1,0,1,1,1,1,-1,1,1,-1,1,0,1,1
5411,-1,-1,1,1,1,-1,0,-1,1,1,1,1,-1,0,-1,-1,1,1,0,1,1,1,1,-1,1,0,1,1,0,1,-1
1972,1,-1,1,1,1,-1,1,1,-1,1,1,1,1,0,0,-1,1,1,0,1,1,1,1,1,1,0,-1,1,-1,1,1
797,1,-1,1,1,1,-1,0,0,1,1,1,1,-1,-1,-1,-1,1,1,0,1,1,1,1,1,-1,0,-1,1,1,1,-1
8979,-1,-1,1,-1,1,-1,1,0,-1,-1,-1,1,1,-1,-1,-1,-1,1,0,-1,-1,-1,-1,1,1,0,-1,1,1,1,-1
381,1,-1,1,-1,1,-1,-1,-1,-1,1,1,1,-1,-1,0,-1,1,1,0,1,1,1,1,-1,-1,-1,-1,1,1,1,-1
2446,1,-1,1,1,1,-1,-1,-1,-1,1,1,1,1,-1,1,-1,1,1,0,1,1,1,1,-1,-1,-1,-1,1,1,1,-1
3641,1,-1,1,1,1,1,-1,1,-1,-1,-1,1,1,1,1,-1,-1,1,0,-1,-1,-1,-1,1,1,1,-1,1,1,-1,1
7390,1,-1,1,-1,1,1,1,1,-1,1,1,-1,-1,1,-1,-1,-1,-1,0,1,1,1,1,-1,1,0,-1,1,0,1,1
853,1,-1,1,1,1,-1,1,1,1,1,1,1,-1,0,0,-1,1,1,0,1,1,1,1,1,1,1,1,1,0,1,1
9191,-1,-1,1,1,1,-1,1,1,1,1,1,1,-1,1,1,1,1,1,0,1,1,1,1,1,1,-1,-1,-1,0,1,1
6388,-1,-1,1,1,1,-1,0,-1,-1,1,1,1,-1,0,-1,-1,1,1,0,1,1,1,1,-1,1,1,1,1,1,1,-1
3616,-1,-1,-1,1,-1,-1,0,0,-1,1,1,-1,-1,-1,1,-1,1,-1,1,1,1,1,1,1,1,-1,-1,1,0,-1,-1
4550,1,1,1,1,1,-1,0,0,-1,1,1,1,1,-1,0,1,1,1,0,1,1,1,1,1,-1,0,-1,1,0,1,-1
9853,1,-1,1,-1,1,-1,1,1,-1,1,1,1,1,1,0,1,-1,-1,0,1,1,1,1,1,1,1,-1,-1,0,1,1
1254,1,-1,1,1,1,-1,0,-1,1,1,1,1,-1,-1,0,-1,1,1,0,1,1,1,1,-1,1,0,-1,1,1,1,-1
10222,-1,-1,-1,1,-1,1,1,1,-1,1,1,1,1,1,0,-1,1,1,1,1,1,1,1,-1,1,-1,-1,1,-1,1,1
9672,-1,-1,1,1,1,-1,1,-1,1,1,1,1,-1,0,-1,-1,1,1,0,1,1,1,1,1,1,1,-1,1,1,1,1
10779,-1,1,-1,1,-1,-1,1,0,-1,1,1,-1,1,-1,0,0,1,-1,1,1,1,1,1,1,-1,0,1,1,1,1,-1
7566,-1,-1,1,1,1,-1,0,-1,1,1,1,1,-1,0,-1,-1,1,1,0,1,1,1,1,-1,1,0,1,1,1,1,-1
2378,1,-1,1,1,1,-1,0,0,-1,1,1,1,-1,-1,0,-1,1,1,0,1,1,1,1,1,1,0,-1,1,0,1,-1
5684,-1,1,-1,-1,-1,1,-1,-1,-1,-1,-1,-1,1,1,1,-1,-1,-1,0,1,-1,-1,-1,1,-1,0,1,-1,1,1,1
3762,1,-1,1,1,1,-1,1,1,-1,-1,1,1,1,0,-1,-1,1,1,0,-1,1,-1,1,1,-1,1,-1,1,1,1,1
10488,-1,-1,1,1,1,-1,1,1,1,1,1,1,1,0,-1,1,1,1,0,1,1,1,1,1,1,1,-1,1,1,1,1
4683,1,-1,1,1,1,-1,-1,1,-1,1,1,1,1,0,-1,-1,1,1,0,1,1,1,1,1,1,1,-1,1,0,1,1
10963,-1,-1,-1,1,-1,1,1,1,-1,1,1,-1,1,0,0,-1,1,-1,1,1,1,1,1,1,-1,-1,-1,1,1,1,1
8400,1,1,1,1,1,-1,1,1,-1,1,1,1,1,0,0,1,1,1,0,1,1,1,1,-1,1,0,1,1,0,1,1
2219,1,-1,1,1,1,-1,-1,-1,1,-1,-1,1,-1,-1,0,-1,-1,1,0,-1,-1,-1,-1,-1,-1,0,-1,1,1,-1,-1
3812,1,-1,1,1,1,-1,-1,-1,-1,1,1,1,1,0,-1,-1,1,1,0,1,1,1,1,-1,1,0,1,1,0,1,-1
7905,-1,-1,1,-1,1,-1,0,-1,-1,1,1,1,1,-1,-1,-1,1,1,0,1,1,1,1,-1,1,1,1,1,0,1,-1
8678,-1,-1,1,1,1,1,-1,1,1,1,1,1,-1,1,1,-1,1,1,0,1,1,1,1,1,1,1,-1,1,1,1,1
5401,1,-1,1,1,1,-1,0,1,1,1,1,1,-1,0,-1,-1,1,1,0,-1,1,1,1,-1,1,0,1,1,0,1,-1
1384,1,-1,1,1,1,-1,0,1,1,1,1,1,-1,0,0,-1,1,1,0,1,1,1,1,1,-1,1,-1,1,1,1,1
8584,1,1,1,-1,1,-1,0,1,-1,1,1,1,1,0,0,-1,-1,-1,0,-1,-1,-1,-1,1,1,-1,-1,1,0,1,1
575,1,-1,1,1,1,-1,-1,1,1,1,1,1,-1,0,0,-1,1,1,0,1,1,1,1,-1,-1,1,-1,1,1,1,1
2641,1,-1,1,1,1,-1,0,-1,-1,1,1,-1,-1,1,0,-1,1,1,0,1,1,1,1,-1,1,1,-1,1,0,-1,1
823,1,-1,1,1,1,-1,0,1,-1,-1,-1,1,1,1,1,-1,-1,1,0,-1,1,-1,1,-1,1,1,-1,1,1,-1,1
5983,1,-1,1,1,1,-1,0,1,-1,1,1,1,1,0,-1,-1,1,1,0,1,1,1,1,-1,1,0,-1,1,1,1,1
4072,1,-1,1,1,1,-1,-1,-1,1,1,1,-1,-1,0,-1,-1,1,1,0,1,1,1,1,-1,1,0,-1,1,1,1,1
6732,-1,1,1,1,1,-1,0,0,-1,1,1,1,1,-1,-1,-1,1,1,0,1,1,1,1,1,1,0,-1,1,0,1,-1
9072,-1,-1,1,1,1,-1,-1,-1,1,1,1,1,-1,-1,0,-1,1,1,0,1,1,1,1,1,1,1,-1,1,0,1,-1
8464,1,-1,-1,1,-1,-1,1,1,1,1,1,-1,-1,0,1,-1,1,-1,1,1,1,1,1,1,-1,1,-1,1,1,1,1
6891,-1,-1,1,1,1,-1,-1,1,1,1,1,1,1,0,-1,-1,1,1,0,1,1,1,1,-1,1,1,-1,1,0,1,-1
6039,1,-1,1,1,1,1,1,1,1,1,1,1,-1,1,1,1,1,1,0,1,1,1,1,-1,1,1,-1,1,0,-1,1
8443,-1,-1,1,1,1,1,1,1,-1,1,1,1,1,0,1,-1,1,1,0,1,1,1,1,1,1,-1,-1,1,1,1,1
3764,1,-1,1,1,1,-1,1,1,-1,1,1,1,1,1,-1,-1,1,1,0,1,1,1,1,1,1,1,1,-1,1,1,1
10103,1,-1,1,1,1,-1,0,-1,-1,1,1,1,1,-1,0,-1,1,1,0,1,1,1,1,1,1,1,-1,1,0,1,-1
10876,-1,-1,1,1,1,-1,1,1,-1,1,1,1,1,0,-1,1,1,1,0,1,1,1,1,-1,1,1,-1,1,1,1,1
3291,1,-1,1,1,1,1,1,1,-1,1,1,-1,1,1,0,-1,1,1,0,1,1,1,1,1,-1,1,-1,1,0,1,1
7196,1,-1,1,1,1,-1,1,1,-1,1,1,1,-1,1,1,-1,1,1,0,1,1,1,1,-1,1,1,-1,1,0,1,1
8031,-1,1,1,1,1,-1,-1,1,-1,1,1,1,1,1,-1,0,1,1,0,1,1,1,1,1,1,1,1,1,1,1,1
1603,1,-1,1,1,1,-1,1,-1,1,1,1,1,-1,0,0,-1,1,1,0,1,1,1,1,-1,-1,1,-1,1,1,1,1
233,1,0,-1,1,1,-1,1,1,-1,1,1,1,1,0,0,-1,1,1,0,-1,1,-1,1,-1,-1,0,-1,1,1,1,1
4006,1,-1,1,1,1,-1,1,1,-1,1,1,1,1,0,0,-1,1,1,0,1,1,1,1,1,1,1,1,-1,0,1,1
5365,-1,-1,1,1,1,-1,0,1,1,1,1,1,1,0,0,-1,1,1,0,1,1,1,1,-1,1,0,1,1,1,1,-1
8958,1,-1,1,1,1,-1,1,1,-1,1,1,1,1,1,1,0,1,1,0,1,1,1,1,1,1,1,-1,1,0,1,1
10253,-1,-1,-1,-1,-1,-1,1,1,-1,1,1,-1,1,1,0,-1,-1,-1,1,1,1,1,1,1,-1,-1,-1,1,-1,1,1
2851,1,-1,1,1,1,-1,0,1,-1,1,1,1,1,1,-1,-1,1,1,0,1,1,1,1,-1,1,0,-1,1,0,1,1
5027,1,1,1,1,1,-1,0,0,-1,1,1,1,1,-1,0,1,1,1,0,1,1,1,1,1,-1,0,-1,1,1,1,-1
4971,1,1,1,-1,1,-1,0,0,-1,1,1,1,1,-1,1,1,1,1,0,1,1,1,1,1,-1,-1,-1,1,-1,1,-1
5196,1,1,1,1,1,-1,1,1,-1,-1,-1,1,1,1,0,0,1,-1,0,-1,1,-1,1,1,1,1,-1,1,1,1,1
9380,-1,-1,1,1,1,-1,1,-1,-1,1,1,1,-1,0,0,0,1,1,0,1,1,1,1,1,1,0,-1,1,1,1,1
7007,1,-1,1,-1,1,1,1,1,1,-1,-1,1,-1,0,1,-1,-1,1,0,-1,1,-1,-1,-1,1,1,-1,1,1,1,1
3926,1,-1,1,1,1,-1,-1,-1,-1,1,1,1,-1,0,-1,-1,1,1,0,1,1,1,1,1,1,-1,1,1,0,1,-1
5169,-1,-1,-1,-1,-1,-1,0,-1,-1,-1,-1,-1,-1,0,1,-1,-1,-1,0,-1,1,1,-1,-1,-1,-1,1,-1,1,1,-1
1568,-1,-1,-1,1,-1,-1,-1,1,-1,1,1,-1,1,1,1,-1,1,-1,1,1,1,1,1,1,-1,1,1,1,1,1,1
7664,-1,-1,1,1,1,-1,1,1,-1,-1,-1,1,1,1,0,-1,-1,1,0,1,1,-1,-1,-1,1,1,1,1,1,1,1
4951,-1,1,-1,1,-1,-1,0,0,-1,1,1,-1,1,-1,0,1,1,-1,1,1,1,1,1,1,-1,1,-1,1,1,1,-1
10959,1,-1,1,1,1,1,0,1,-1,1,1,1,1,1,-1,-1,1,1,0,1,1,1,1,-1,1,0,-1,1,0,1,1
1564,1,-1,1,1,1,-1,0,1,-1,1,1,1,1,1,0,-1,1,1,0,1,1,1,1,-1,1,0,-1,1,0,1,1
8665,-1,-1,1,1,1,-1,1,1,1,1,1,1,-1,0,0,-1,1,1,0,1,1,1,1,1,1,1,-1,-1,1,1,-1
1206,1,1,1,1,1,-1,-1,-1,-1,1,1,1,1,-1,-1,1,1,1,0,1,1,1,1,-1,-1,-1,-1,1,1,1,-1
8049,-1,-1,1,1,1,-1,1,1,-1,1,1,1,-1,1,0,-1,1,1,0,1,1,1,1,-1,1,-1,1,1,1,1,1
3154,1,1,1,1,1,-1,-1,1,1,1,1,-1,-1,0,-1,-1,-1,-1,0,1,1,1,1,1,-1,-1,1,1,-1,-1,1
7335,-1,-1,1,1,1,-1,0,0,1,1,1,1,1,0,-1,-1,1,1,1,1,1,1,1,-1,1,1,-1,1,0,1,-1
7232,-1,1,-1,-1,-1,1,-1,1,-1,1,1,-1,1,0,-1,-1,1,-1,0,1,1,1,1,1,-1,1,-1,-1,1,1,1
9235,1,-1,1,1,1,1,1,1,1,1,1,1,-1,1,1,-1,1,1,0,1,1,1,1,1,1,1,-1,1,0,1,1
3902,1,1,1,1,1,-1,0,-1,-1,1,1,1,1,-1,0,1,1,1,0,1,1,1,1,-1,-1,0,-1,-1,1,1,-1
2925,1,-1,1,1,1,-1,-1,-1,1,1,1,1,1,0,0,-1,1,1,0,1,1,1,1,1,-1,1,-1,1,1,1,-1
8184,1,-1,-1,-1,1,-1,-1,1,-1,1,1,1,1,0,0,0,1,1,0,1,1,1,1,1,1,-1,-1,1,0,1,1
8763,-1,-1,1,1,1,-1,-1,-1,1,1,1,1,-1,-1,1,1,1,1,0,1,1,1,1,1,1,1,-1,1,0,1,-1
4022,1,-1,1,1,1,-1,1,1,-1,1,1,1,1,1,0,-1,1,1,0,1,1,1,1,1,1,1,1,1,0,1,1
8869,1,-1,1,1,1,-1,1,1,1,1,1,1,-1,0,0,1,1,1,0,1,1,1,1,1,1,-1,-1,1,0,1,1
8023,1,-1,1,1,1,-1,1,1,-1,1,1,1,1,0,0,-1,1,1,0,1,1,1,1,-1,1,0,-1,1,0,1,1
5441,1,-1,1,1,1,-1,1,1,-1,1,1,1,1,1,0,-1,1,1,0,1,1,1,1,-1,1,1,1,1,0,1,1
6846,1,-1,1,1,1,-1,1,1,-1,1,1,1,1,0,0,0,1,1,0,1,1,1,1,-1,1,1,1,1,0,1,1
6056,-1,-1,1,1,1,-1,0,1,-1,1,1,1,-1,0,0,1,1,1,0,1,1,1,1,-1,1,1,-1,1,1,1,1
7767,-1,-1,-1,-1,-1,-1,0,-1,-1,-1,1,-1,1,-1,1,-1,1,-1,0,-1,1,-1,1,-1,-1,0,1,-1,1,1,-1
1597,1,-1,1,1,1,-1,1,1,1,1,1,1,-1,0,0,-1,1,1,0,1,1,1,1,1,1,1,1,-1,0,1,1
3567,1,-1,1,1,1,-1,1,1,1,1,1,1,-1,0,1,-1,1,1,0,1,1,1,1,1,-1,1,-1,1,1,1,1
10965,-1,-1,1,1,1,-1,-1,-1,-1,1,1,-1,-1,-1,0,0,1,1,0,1,1,1,1,1,1,1,-1,-1,0,1,-1
6293,-1,-1,-1,-1,1,-1,0,0,-1,1,1,-1,1,0,-1,-1,-1,-1,0,1,1,1,1,-1,1,0,1,1,1,1,-1
8295,-1,-1,1,-1,1,-1,1,-1,-1,-1,-1,1,1,1,-1,-1,-1,1,0,1,1,1,1,1,1,-1,-1,-1,1,1,-1
10547,1,-1,1,1,1,-1,-1,-1,1,1,1,1,-1,-1,-1,0,1,1,0,1,1,1,1,1,1,1,-1,-1,0,1,-1
3879,1,-1,1,1,1,-1,-1,1,-1,1,1,1,1,0,0,-1,1,1,0,1,1,1,1,1,1,1,1,1,0,1,1
3045,1,-1,1,1,1,-1,1,-1,1,1,1,1,-1,-1,-1,-1,1,1,0,1,1,1,1,1,1,0,-1,1,0,1,-1
10609,-1,-1,1,1,1,-1,-1,-1,1,1,1,1,-1,-1,-1,-1,1,1,0,1,1,1,1,1,1,0,-1,-1,0,1,-1
3676,-1,1,-1,1,-1,-1,-1,1,-1,1,1,-1,1,1,-1,1,1,-1,1,1,1,1,1,1,-1,1,-1,1,1,1,1
4463,1,-1,1,1,1,-1,1,1,-1,1,1,1,1,0,-1,-1,1,1,0,1,1,1,1,1,-1,1,-1,1,0,1,1
9196,1,-1,-1,-1,-1,1,1,1,-1,1,1,-1,-1,0,0,-1,1,-1,0,1,1,1,1,1,-1,-1,-1,1,0,1,1
7523,-1,-1,1,1,1,-1,1,1,-1,1,1,1,1,1,-1,1,1,1,0,1,1,1,1,-1,1,1,1,1,1,1,1
2070,-1,-1,-1,1,-1,-1,0,-1,-1,-1,-1,-1,-1,-1,1,-1,-1,-1,1,-1,1,-1,1,-1,-1,0,-1,1,1,-1,-1
6053,1,-1,1,1,1,1,0,1,1,1,1,1,-1,0,-1,1,1,1,0,1,1,1,1,-1,1,1,-1,1,1,1,1
2319,1,-1,1,1,1,1,0,1,-1,1,1,1,1,0,-1,-1,1,1,0,1,1,1,1,-1,1,0,-1,1,0,1,1
7397,1,-1,1,1,1,-1,1,0,-1,1,1,1,1,-1,0,-1,1,1,0,1,1,1,1,-1,1,-1,-1,1,0,1,-1
808,1,-1,1,1,1,-1,0,0,-1,-1,-1,1,-1,-1,0,-1,-1,1,0,1,1,-1,1,1,-1,0,-1,1,0,-1,-1
7114,-1,-1,-1,-1,-1,-1,0,-1,-1,-1,-1,-1,-1,-1,1,-1,-1,-1,0,-1,1,-1,1,-1,-1,0,-1,-1,1,1,-1
7125,1,-1,1,1,1,-1,0,-1,-1,1,1,1,1,0,0,-1,1,1,0,1,1,1,1,-1,1,1,-1,1,0,1,1
6019,-1,-1,1,1,1,-1,0,-1,1,1,1,1,-1,0,-1,-1,1,1,0,1,1,1,1,-1,1,1,1,1,1,1,-1
335,1,-1,1,1,1,-1,0,-1,1,1,1,1,-1,-1,-1,-1,1,1,0,1,1,1,1,-1,-1,-1,-1,1,0,1,-1
9041,1,-1,1,1,1,-1,-1,-1,1,1,1,1,-1,-1,-1,-1,1,1,0,1,1,1,1,1,1,0,-1,1,0,1,-1
1968,1,-1,1,1,1,-1,-1,-1,1,1,1,1,-1,0,0,-1,1,1,0,1,1,1,1,1,1,1,-1,-1,1,1,-1
8848,-1,-1,1,1,1,-1,0,1,-1,1,1,1,1,0,0,-1,1,1,0,1,1,1,1,-1,1,1,-1,-1,1,1,1
3540,1,-1,1,1,1,-1,1,0,-1,1,1,1,1,0,-1,-1,1,1,0,1,1,1,1,1,1,1,-1,1,0,1,1
8189,-1,-1,1,-1,1,-1,-1,-1,1,-1,-1,-1,-1,-1,1,-1,-1,-1,0,-1,1,-1,1,1,1,-1,-1,1,0,-1,-1
1326,1,1,1,1,1,-1,-1,1,-1,1,1,1,1,1,1,1,1,1,0,1,1,1,1,1,-1,1,-1,1,1,1,1
5640,1,1,1,-1,1,-1,0,-1,-1,1,1,1,1,1,-1,0,1,1,0,1,1,1,1,1,1,-1,-1,1,0,1,-1
9948,-1,-1,1,1,1,-1,0,-1,1,1,1,1,-1,0,0,-1,1,1,0,1,1,1,1,1,1,1,-1,1,1,1,-1
648,1,-1,1,1,1,-1,0,0,-1,1,1,1,1,-1,-1,-1,1,1,0,1,1,1,1,1,-1,0,-1,1,0,1,-1
9039,-1,1,1,1,1,-1,0,1,-1,1,1,1,1,0,1,-1,1,1,0,1,1,1,1,1,1,0,1,-1,1,1,-1
7059,1,-1,1,1,1,-1,-1,1,-1,1,1,1,1,1,0,1,1,1,1,1,1,1,1,-1,1,1,-1,1,0,1,1
4418,1,-1,1,1,1,-1,0,1,-1,1,1,1,-1,0,-1,-1,1,1,0,1,1,1,1,1,-1,1,-1,1,1,1,1
5134,-1,-1,1,-1,1,-1,1,1,-1,1,1,1,1,1,0,0,1,1,0,1,1,1,1,-1,1,1,-1,1,1,1,1
6087,-1,1,1,1,1,-1,1,1,1,1,1,1,1,0,0,-1,1,1,0,1,1,1,1,1,1,0,-1,1,1,1,1
10048,-1,1,-1,1,-1,-1,1,1,-1,1,1,-1,1,1,-1,1,1,1,1,1,1,1,1,1,-1,-1,1,1,-1,1,1
1463,1,-1,1,1,1,-1,0,-1,1,1,1,1,1,0,0,-1,1,1,0,1,1,1,1,1,-1,1,1,1,1,1,1
7588,-1,-1,1,1,1,-1,0,-1,1,1,1,1,-1,-1,0,-1,1,1,0,1,1,1,1,-1,1,0,1,1,0,1,-1
1702,1,-1,1,1,1,-1,-1,-1,1,1,1,1,-1,-1,0,-1,1,1,0,1,1,1,1,-1,-1,-1,-1,1,1,1,-1
2192,1,-1,1,1,1,-1,0,1,-1,-1,-1,1,1,1,1,-1,1,-1,0,-1,1,-1,1,-1,1,1,-1,1,1,-1,1
3475,1,-1,1,1,1,-1,-1,1,-1,1,1,1,1,-1,-1,-1,1,1,0,1,1,1,1,-1,-1,0,-1,1,0,1,-1
6098,1,-1,1,1,1,-1,1,1,-1,1,1,1,1,1,1,1,1,1,0,1,1,1,1,-1,1,1,-1,1,0,-1,1
2225,1,1,1,1,1,-1,-1,1,-1,1,1,1,1,0,1,1,1,1,0,1,1,1,1,1,1,1,1,1,0,1,1
4087,1,1,1,1,1,-1,-1,1,-1,1,1,1,1,-1,-1,1,1,1,0,1,1,1,1,-1,1,0,-1,1,0,1,-1
5975,-1,-1,1,1,1,-1,0,0,1,-1,-1,1,1,-1,1,-1,-1,1,0,1,1,-1,1,-1,1,1,-1,1,1,1,-1
7031,-1,-1,1,1,1,-1,0,-1,1,1,1,1,1,-1,-1,-1,1,1,0,1,1,1,1,-1,1,-1,-1,1,0,1,-1
10879,-1,1,1,1,1,-1,-1,0,-1,1,1,1,-1,-1,-1,-1,1,1,0,1,1,1,1,1,1,0,1,-1,1,1,-1
5776,-1,1,-1,-1,-1,-1,0,-1,-1,-1,1,-1,1,-1,1,-1,1,-1,0,-1,1,-1,1,1,-1,1,-1,1,1,1,-1
6030,-1,1,1,1,1,1,1,1,-1,1,1,1,1,1,0,-1,1,1,0,1,1,1,1,1,1,1,-1,1,1,1,1
5799,1,-1,1,1,1,-1,0,1,-1,1,1,-1,1,-1,-1,-1,1,1,0,1,1,1,1,-1,1,0,1,1,0,1,-1
2019,1,-1,1,1,1,1,0,-1,-1,1,1,1,1,0,0,-1,1,1,0,1,1,1,1,1,1,1,-1,1,0,1,1
8144,1,-1,1,1,1,1,0,1,1,1,1,1,-1,1,1,-1,1,1,0,1,1,1,1,-1,1,1,1,1,0,1,1
7866,-1,-1,1,-1,1,-1,0,-1,-1,-1,-1,1,1,-1,0,-1,-1,1,1,-1,1,-1,-1,-1,1,-1,-1,1,0,1,-1
3055,1,-1,1,1,1,-1,-1,-1,-1,-1,-1,-1,1,0,0,-1,-1,-1,0,-1,1,-1,1,-1,-1,0,-1,1,0,-1,-1
9394,-1,-1,1,1,1,-1,-1,0,1,1,1,1,-1,-1,1,-1,1,1,0,1,1,1,1,1,1,0,-1,1,1,1,-1
3846,1,-1,1,-1,1,-1,-1,-1,1,1,1,1,-1,0,0,-1,1,1,0,1,1,1,1,-1,-1,1,-1,1,0,1,-1
10596,-1,-1,1,1,1,-1,0,1,-1,1,1,1,1,0,-1,-1,1,1,0,1,1,1,1,1,1,-1,-1,-1,1,1,1
5370,1,1,1,1,1,1,-1,1,-1,1,1,1,1,1,-1,1,1,1,0,1,1,1,1,1,1,1,-1,1,1,1,1
8164,1,-1,1,1,1,-1,1,1,1,1,1,1,-1,0,0,1,1,1,0,1,1,1,1,-1,1,1,-1,1,0,1,1
7940,1,-1,1,1,1,1,1,1,-1,1,1,1,1,1,-1,1,1,1,0,1,1,1,1,-1,1,0,1,1,0,1,1
4988,1,-1,1,1,1,-1,-1,-1,-1,1,1,1,1,-1,-1,-1,1,1,0,1,1,1,1,1,-1,0,-1,-1,1,1,-1
5808,1,1,1,1,1,-1,-1,1,-1,1,1,1,1,0,0,0,1,1,0,1,1,1,1,1,1,1,-1,1,0,1,1
1852,1,-1,1,1,1,-1,1,1,-1,1,1,1,1,0,-1,-1,1,1,0,1,1,1,1,1,1,0,-1,1,0,1,-1
1945,1,-1,1,1,1,-1,-1,1,-1,1,1,1,1,0,1,-1,1,1,0,1,1,1,1,-1,1,0,-1,1,0,1,1
1340,1,-1,1,1,1,-1,1,1,1,1,1,1,-1,-1,0,-1,1,1,0,1,1,1,1,1,-1,-1,-1,1,0,1,-1
1966,1,-1,1,1,1,-1,-1,1,-1,1,1,1,1,0,1,-1,1,1,0,1,1,1,1,1,-1,-1,1,1,1,1,1
7398,1,-1,1,1,1,-1,-1,-1,-1,1,1,1,1,-1,-1,-1,1,1,0,1,1,1,1,-1,1,1,1,1,0,1,-1
7988,-1,-1,1,1,1,-1,0,-1,-1,1,1,1,1,0,0,-1,1,1,0,1,1,1,1,-1,1,0,1,1,1,1,-1
11051,1,-1,1,1,1,-1,1,1,-1,1,1,1,1,0,-1,-1,1,1,0,1,1,1,1,-1,1,0,-1,1,0,1,1
2439,1,-1,1,1,1,-1,-1,-1,-1,1,1,1,-1,-1,0,-1,1,1,0,1,1,1,1,-1,1,-1,-1,1,0,1,-1
7000,-1,-1,1,1,1,-1,0,-1,-1,1,1,1,1,-1,0,-1,1,1,0,1,1,1,1,-1,1,0,-1,1,1,1,-1
10122,-1,-1,1,1,1,-1,-1,0,1,1,1,1,-1,-1,0,0,1,1,0,1,1,1,1,1,1,1,-1,1,1,-1,-1
9411,-1,1,1,1,1,-1,1,-1,1,1,1,1,1,0,0,-1,1,1,0,1,1,1,1,1,1,1,1,-1,1,1,-1
3494,1,-1,1,1,1,-1,0,-1,-1,-1,-1,1,1,-1,0,-1,-1,1,0,-1,1,-1,-1,-1,-1,-1,-1,-1,0,-1,-1
5576,1,-1,1,-1,1,-1,1,1,1,1,1,1,-1,1,1,1,1,1,1,1,1,1,1,-1,1,1,1,1,0,1,1
9022,-1,-1,1,1,1,-1,1,1,1,1,1,1,-1,1,-1,-1,1,1,0,1,1,1,1,-1,1,0,-1,1,1,1,1
7792,-1,-1,1,1,1,-1,0,0,1,-1,-1,1,1,-1,1,-1,-1,1,0,1,1,-1,1,-1,1,1,-1,1,1,1,-1
6739,1,-1,1,1,1,-1,0,-1,1,1,1,1,1,0,-1,-1,1,1,0,1,1,1,1,-1,1,1,1,1,0,1,-1
10170,1,-1,1,1,1,1,-1,-1,1,1,1,1,-1,0,-1,-1,1,1,0,1,1,1,1,1,1,0,-1,1,1,1,1
8601,-1,-1,1,1,1,-1,1,1,-1,1,1,1,-1,0,-1,0,1,1,0,1,1,1,1,1,1,-1,-1,1,0,1,1
4522,1,-1,1,1,1,-1,0,-1,-1,1,1,1,1,1,1,-1,1,1,0,1,1,1,1,1,1,1,1,1,0,1,1
5481,-1,-1,1,1,1,-1,0,1,-1,1,1,1,-1,-1,0,-1,1,1,0,1,1,1,1,-1,1,-1,1,1,0,-1,-1
4559,1,0,1,1,1,-1,-1,-1,-1,1,1,-1,1,0,-1,-1,-1,-1,0,1,1,1,1,1,-1,1,-1,1,0,-1,-1
6263,-1,-1,1,1,1,-1,0,-1,-1,-1,1,1,1,0,0,1,1,1,0,1,1,-1,1,-1,1,0,1,1,1,1,-1
3851,1,1,1,1,1,-1,-1,-1,-1,1,1,1,-1,-1,0,1,1,1,0,1,1,1,1,-1,-1,-1,-1,1,0,1,-1
8692,-1,-1,1,1,1,-1,1,-1,-1,1,1,1,1,1,0,1,1,1,0,1,1,1,1,1,1,1,-1,1,0,1,1
3016,-1,1,-1,1,-1,-1,0,0,-1,1,1,-1,1,-1,0,1,1,1,0,1,1,1,1,1,-1,1,-1,1,-1,1,-1
8226,1,1,1,-1,1,-1,1,1,1,1,1,-1,-1,0,-1,1,-1,-1,0,1,1,1,1,-1,1,-1,-1,1,-1,1,1
5864,1,-1,1,1,1,-1,0,1,-1,1,1,1,1,0,1,0,1,1,0,1,1,1,1,-1,1,1,1,1,0,1,1
10817,1,-1,1,-1,1,-1,-1,-1,1,1,1,1,-1,-1,-1,-1,1,1,0,1,1,1,1,1,1,1,-1,-1,0,-1,-1
2327,1,-1,1,-1,1,-1,0,0,-1,1,1,1,-1,-1,0,-1,1,1,0,1,1,1,1,1,1,-1,-1,1,0,1,-1
9020,1,-1,1,1,1,-1,1,1,-1,1,1,1,1,0,1,-1,1,1,0,1,1,1,1,-1,1,0,-1,1,0,1,1
10624,-1,1,1,1,1,1,1,1,-1,1,1,1,1,1,0,-1,1,1,0,1,1,1,1,1,1,-1,1,1,1,1,1
7515,1,-1,-1,-1,-1,-1,1,1,1,-1,-1,-1,-1,0,1,-1,1,-1,0,1,1,-1,1,-1,-1,0,1,-1,1,1,1
4110,1,-1,1,1,1,1,-1,1,-1,-1,-1,1,-1,1,1,-1,-1,1,0,-1,-1,-1,-1,1,1,1,-1,1,1,-1,1
9653,-1,-1,1,1,1,-1,0,-1,-1,1,1,1,-1,1,-1,-1,1,1,0,1,1,1,1,1,1,1,-1,1,0,1,-1
5209,1,-1,1,1,1,-1,1,1,-1,1,1,1,1,0,1,-1,-1,-1,0,1,1,1,1,1,1,1,-1,-1,-1,-1,1
3358,1,-1,1,1,1,-1,0,1,-1,1,1,1,-1,0,1,-1,1,1,0,1,1,1,1,-1,-1,0,-1,-1,0,-1,-1
4260,1,1,1,1,1,-1,0,1,-1,1,1,1,1,1,0,1,1,1,0,1,1,1,1,-1,1,1,-1,1,0,1,1
436,1,-1,1,1,1,-1,0,0,1,1,1,1,1,-1,-1,-1,1,1,0,1,1,1,1,1,-1,-1,-1,1,1,1,-1
4875,1,1,1,1,1,-1,-1,1,-1,-1,-1,1,1,0,-1,1,-1,1,0,1,1,-1,1,-1,1,1,-1,1,1,-1,1
558,1,-1,1,1,1,-1,-1,1,-1,-1,-1,1,1,0,0,-1,-1,1,0,-1,1,-1,-1,1,-1,1,-1,1,1,-1,1
1839,1,1,1,1,1,-1,0,1,-1,1,1,1,1,0,-1,1,1,1,0,1,1,1,1,-1,1,1,-1,1,0,1,1
5030,-1,-1,-1,1,-1,-1,0,1,-1,1,1,-1,1,0,0,-1,1,-1,1,1,1,1,1,1,-1,1,-1,1,1,1,1
5061,1,-1,1,1,1,-1,0,1,1,1,1,1,-1,0,-1,-1,1,1,0,1,1,1,1,1,1,-1,-1,1,0,1,1
1789,1,-1,1,1,1,1,1,1,1,1,1,1,-1,1,1,-1,1,1,0,1,1,1,1,1,1,1,-1,1,0,1,1
4221,1,-1,1,1,1,-1,-1,-1,-1,-1,-1,1,-1,-1,0,-1,-1,1,0,1,1,-1,1,-1,-1,-1,-1,1,0,-1,-1
1425,1,-1,1,1,1,-1,0,0,-1,-1,1,1,1,-1,1,-1,1,1,0,1,1,-1,1,1,-1,1,-1,1,1,1,-1
644,-1,-1,-1,1,-1,-1,1,1,-1,1,1,-1,-1,0,-1,-1,1,-1,1,1,1,1,1,1,-1,1,1,-1,1,1,1
1309,1,-1,1,1,1,-1,-1,1,-1,1,1,1,1,0,0,-1,1,1,0,1,1,1,1,-1,1,1,-1,1,0,1,1
6949,-1,-1,1,1,1,-1,1,1,-1,1,1,1,-1,0,-1,-1,1,1,0,1,1,1,1,-1,1,1,-1,1,1,1,1
10650,-1,-1,1,1,1,-1,-1,0,-1,1,1,1,-1,-1,-1,-1,1,1,0,1,1,1,1,1,1,0,-1,1,1,1,-1
5467,-1,1,1,1,1,-1,1,0,-1,1,1,1,1,-1,0,-1,1,1,1,1,1,1,1,1,1,1,-1,1,1,-1,-1
9256,-1,-1,1,1,1,-1,1,-1,-1,1,1,1,1,0,0,-1,-1,1,0,1,1,1,1,1,1,1,-1,1,0,1,-1
7491,1,-1,1,1,1,1,1,1,-1,1,1,1,1,0,0,-1,1,1,0,1,1,1,1,-1,1,1,-1,1,0,1,1
2842,1,-1,1,1,1,-1,1,-1,1,1,1,1,-1,0,1,-1,1,1,0,1,1,1,1,1,-1,1,-1,1,1,1,-1
3930,1,-1,1,1,1,-1,-1,-1,-1,1,1,1,1,0,-1,-1,1,1,0,1,1,1,1,-1,-1,1,-1,1,0,1,-1
2203,1,-1,1,1,1,-1,-1,1,-1,1,1,1,1,1,0,-1,1,1,0,1,1,1,1,1,-1,-1,1,1,1,1,1
5245,-1,-1,-1,1,-1,-1,0,1,1,1,1,-1,-1,1,1,-1,1,-1,0,1,1,1,1,-1,-1,1,1,1,1,1,1
6713,-1,-1,-1,-1,1,-1,0,1,-1,1,1,-1,1,0,-1,-1,-1,-1,0,1,1,1,1,-1,1,0,1,1,1,1,-1
4479,1,1,1,1,1,-1,-1,1,-1,1,1,1,1,0,0,1,1,1,0,1,1,1,1,-1,1,1,1,1,0,1,1
8629,-1,1,1,1,1,-1,-1,1,1,1,1,1,-1,-1,-1,-1,1,1,0,1,1,1,1,1,1,1,1,-1,0,1,-1
7665,-1,1,1,1,1,-1,-1,-1,-1,1,1,1,1,-1,-1,-1,1,1,0,1,1,1,1,1,1,-1,-1,1,0,-1,-1
3323,1,-1,1,1,1,-1,-1,-1,-1,1,1,1,1,0,-1,-1,1,1,0,1,1,1,1,1,-1,0,-1,-1,0,1,-1
7880,1,-1,1,1,1,-1,0,-1,-1,1,1,1,1,-1,-1,-1,1,1,0,1,1,1,1,-1,1,0,-1,1,0,1,-1
4454,1,-1,1,1,1,1,-1,1,-1,1,1,1,1,0,0,-1,1,1,0,1,1,1,1,1,1,1,1,1,0,1,1
5591,-1,-1,1,-1,1,-1,0,-1,-1,1,1,1,-1,0,-1,-1,1,1,0,1,1,1,1,-1,1,0,1,1,0,1,-1
4922,-1,1,1,-1,1,-1,0,-1,-1,1,-1,1,1,-1,1,-1,-1,1,1,1,1,1,1,-1,1,-1,1,1,1,-1,-1
8965,-1,-1,1,1,1,-1,1,1,-1,1,1,1,1,0,1,0,1,1,0,1,1,1,1,-1,1,0,-1,1,1,1,1
1266,1,-1,1,1,1,-1,-1,-1,-1,1,1,1,1,-1,1,-1,1,1,0,1,1,1,1,-1,-1,-1,-1,-1,1,1,-1
9838,-1,-1,1,1,1,-1,1,-1,-1,1,1,1,1,0,-1,-1,1,1,0,1,1,1,1,1,1,1,-1,1,0,1,-1
10768,-1,-1,1,1,1,-1,0,1,-1,1,1,1,1,0,0,-1,1,1,0,1,1,1,1,-1,1,1,-1,1,0,1,1
4137,1,-1,1,1,1,-1,1,1,-1,1,1,1,1,1,0,-1,-1,-1,0,1,1,1,1,1,1,1,1,-1,0,-1,1
10613,-1,-1,1,1,1,-1,1,1,1,1,1,1,-1,0,-1,-1,1,1,0,1,1,1,1,1,1,0,-1,1,1,1,-1
467,1,-1,1,1,1,-1,0,0,-1,1,1,1,1,-1,0,-1,1,1,0,1,1,1,1,1,-1,-1,-1,-1,1,1,-1
5136,1,-1,1,1,-1,-1,0,-1,-1,1,-1,1,1,-1,-1,-1,1,1,0,1,-1,1,1,-1,1,-1,1,1,0,-1,-1
10138,-1,-1,1,1,1,-1,0,1,-1,1,1,1,1,0,-1,-1,1,1,0,1,1,1,1,1,1,-1,-1,1,1,1,1
9190,1,-1,1,1,1,-1,1,1,-1,1,1,1,1,0,0,-1,1,1,0,1,1,1,1,-1,1,0,-1,1,0,1,1
6458,1,-1,1,1,1,-1,1,1,-1,1,1,1,1,-1,0,-1,1,1,0,1,1,1,1,-1,1,1,-1,1,-1,1,1
11043,-1,-1,1,1,1,-1,-1,-1,1,1,1,1,-1,0,-1,1,1,1,0,1,1,1,1,1,1,1,-1,-1,1,1,-1
7019,-1,-1,1,1,1,-1,-1,1,1,1,1,1,-1,0,1,1,1,1,0,1,1,1,1,-1,1,1,-1,1,1,1,1
1549,1,-1,1,1,1,-1,-1,-1,1,-1,-1,1,1,-1,0,-1,-1,1,0,1,1,-1,1,-1,-1,0,-1,1,0,-1,-1
10579,1,-1,1,1,1,1,1,1,1,1,1,1,-1,1,0,-1,1,1,0,1,1,1,1,1,1,-1,-1,1,0,1,1
1805,1,-1,1,1,1,-1,-1,1,-1,1,1,1,1,0,-1,-1,1,1,0,1,1,1,1,1,1,1,-1,1,0,1,1
5299,-1,-1,1,-1,1,-1,1,0,1,1,1,1,-1,-1,-1,1,1,1,0,1,1,1,1,-1,1,-1,1,1,1,1,-1
4031,1,-1,1,1,1,-1,1,1,-1,1,1,-1,1,0,-1,-1,1,1,0,1,1,1,1,1,1,0,-1,1,0,1,-1
764,1,-1,1,1,1,-1,1,1,-1,1,1,1,1,0,0,-1,1,1,0,1,1,1,1,1,-1,0,-1,1,0,1,1
2845,1,-1,1,1,1,-1,-1,-1,1,1,1,1,-1,0,-1,-1,1,1,0,1,1,1,1,-1,1,0,-1,-1,0,1,-1
5460,-1,1,1,1,1,-1,1,-1,-1,1,1,1,1,0,-1,-1,1,1,0,1,1,1,1,1,1,-1,-1,1,0,-1,-1
7815,1,-1,1,1,1,-1,0,1,-1,1,1,1,1,1,0,1,1,1,0,1,1,1,1,-1,1,1,-1,1,0,1,1
2466,1,-1,1,1,1,-1,-1,-1,1,1,1,1,-1,0,0,-1,1,1,0,1,1,1,1,-1,1,-1,-1,-1,0,1,-1
3052,1,-1,1,1,1,1,1,-1,-1,1,1,1,1,1,0,-1,1,1,0,1,1,1,1,1,-1,-1,-1,1,1,1,1
4063,-1,-1,-1,1,-1,-1,-1,1,-1,1,1,-1,1,0,0,-1,1,-1,1,1,1,1,1,-1,-1,1,1,1,1,1,1
8840,-1,-1,1,1,1,-1,-1,1,-1,1,1,-1,1,0,1,-1,1,1,0,1,1,1,1,1,1,-1,-1,1,0,1,1
9502,1,-1,1,1,1,-1,-1,-1,-1,1,1,1,-1,-1,-1,-1,1,1,0,1,1,1,1,-1,1,1,-1,1,0,-1,-1
943,1,-1,1,1,-1,1,-1,1,-1,1,1,1,1,1,0,-1,1,1,0,1,1,1,1,1,-1,1,-1,1,0,1,1
8844,-1,1,1,1,1,-1,-1,-1,-1,1,1,1,1,-1,0,-1,1,1,0,1,1,1,1,1,1,0,1,-1,1,-1,-1
10049,-1,1,1,1,1,-1,0,-1,-1,1,1,1,1,-1,-1,-1,1,1,0,1,1,1,1,-1,1,1,1,1,0,1,-1
3211,1,-1,1,1,1,-1,0,0,1,-1,-1,1,1,-1,1,-1,-1,1,0,1,1,-1,1,1,-1,1,-1,1,1,1,-1
2414,1,1,1,1,1,-1,-1,1,-1,1,1,1,1,0,1,1,1,-1,0,1,1,1,1,1,1,1,-1,1,0,1,1
2953,-1,-1,-1,1,1,-1,0,0,-1,1,1,-1,-1,-1,1,-1,-1,-1,0,1,1,1,1,1,-1,-1,-1,1,0,-1,-1
10050,1,-1,1,1,1,-1,1,1,-1,1,1,1,-1,0,0,1,1,1,0,1,1,1,1,-1,1,0,-1,1,0,1,1
7332,1,-1,1,1,1,-1,-1,-1,-1,1,1,1,-1,0,-1,-1,1,1,1,1,1,1,1,-1,1,0,1,1,0,1,-1
3201,-1,-1,-1,1,-1,-1,0,-1,1,-1,-1,-1,-1,-1,1,-1,-1,-1,1,1,1,-1,-1,-1,-1,1,-1,1,1,-1,-1
10631,-1,-1,-1,1,-1,-1,-1,0,-1,1,1,-1,-1,-1,1,-1,1,1,1,-1,1,-1,1,1,-1,0,-1,1,0,1,-1
3347,1,-1,1,1,1,-1,0,0,-1,1,1,1,1,-1,-1,-1,1,1,0,1,1,1,1,1,-1,-1,-1,1,1,1,-1
3889,-1,-1,-1,1,-1,1,0,1,-1,1,1,-1,1,1,1,-1,1,-1,1,1,1,1,1,1,-1,1,-1,1,1,1,1
2969,1,-1,1,1,1,1,0,1,-1,-1,-1,1,-1,1,1,-1,-1,1,0,-1,1,-1,-1,-1,-1,1,-1,1,1,-1,1
3649,1,-1,1,-1,1,-1,-1,1,-1,1,1,1,1,1,1,-1,1,1,0,1,1,1,1,1,1,1,1,1,0,1,1
9870,-1,-1,1,-1,1,-1,0,-1,-1,-1,-1,1,1,-1,0,-1,-1,1,0,-1,1,-1,-1,1,1,0,-1,1,1,1,-1
5215,1,-1,1,1,1,-1,0,1,1,1,1,1,-1,1,1,-1,1,1,0,1,1,1,1,-1,1,1,1,1,0,1,1
4558,1,-1,1,1,1,-1,1,1,-1,1,1,1,-1,0,0,-1,1,1,0,1,1,1,1,1,1,1,-1,1,0,1,1
4980,1,-1,-1,-1,1,-1,0,1,-1,-1,-1,1,1,1,0,-1,-1,1,0,-1,-1,-1,-1,-1,1,1,-1,1,0,1,1
8256,1,-1,1,1,1,1,1,1,-1,1,1,1,1,1,0,-1,1,1,0,1,1,1,1,-1,1,1,1,1,0,1,1
4942,1,-1,1,1,1,-1,-1,1,-1,-1,-1,1,1,0,0,-1,-1,1,0,1,1,-1,1,1,1,1,-1,1,0,1,1
5970,-1,1,1,1,1,-1,0,0,-1,1,1,1,1,-1,-1,-1,1,1,0,1,1,1,1,1,1,-1,-1,1,0,1,-1
6738,-1,1,-1,1,-1,-1,-1,-1,-1,1,1,-1,1,-1,-1,-1,1,-1,0,1,1,1,1,1,-1,1,1,-1,1,1,-1
4395,1,-1,1,1,1,-1,1,1,-1,-1,1,1,1,1,1,-1,1,1,0,1,1,-1,1,1,-1,1,-1,1,1,1,1
8639,-1,-1,1,1,1,-1,-1,-1,-1,1,1,1,1,-1,-1,-1,1,1,0,1,1,1,1,1,1,1,-1,1,1,1,-1
2512,-1,-1,-1,1,-1,-1,-1,1,-1,1,1,-1,1,0,1,-1,1,-1,1,1,1,1,1,1,-1,1,-1,1,1,1,1
8940,1,-1,1,-1,1,-1,0,1,-1,1,1,1,1,0,1,-1,1,1,0,1,1,1,1,1,1,1,-1,1,-1,1,-1
2172,1,-1,1,1,1,1,0,-1,-1,1,1,1,-1,1,1,-1,1,1,0,1,1,1,1,-1,-1,1,-1,1,1,1,1
9404,1,-1,1,1,1,-1,1,1,-1,1,1,1,1,0,1,0,-1,1,0,1,1,1,1,1,1,-1,-1,1,-1,1,1
8529,-1,-1,1,-1,1,-1,1,1,-1,1,1,1,-1,1,-1,-1,1,1,0,1,1,1,1,1,1,1,-1,1,0,1,-1
4226,-1,1,-1,1,-1,-1,1,1,-1,1,1,-1,1,0,-1,1,1,-1,1,1,1,1,1,1,1,0,-1,1,1,1,1
5018,1,-1,1,1,1,-1,-1,-1,-1,-1,-1,1,1,-1,0,-1,-1,1,0,-1,1,-1,-1,-1,1,0,-1,1,1,-1,-1
7884,-1,-1,1,1,1,-1,0,1,1,1,1,1,1,-1,-1,-1,1,1,0,1,1,1,1,-1,1,0,-1,1,0,1,-1
9786,-1,-1,1,-1,-1,1,1,1,1,-1,-1,-1,-1,0,1,1,-1,-1,1,-1,1,-1,1,-1,1,0,-1,1,0,1,1
3102,1,-1,1,1,1,-1,-1,-1,-1,-1,-1,1,1,-1,0,-1,-1,1,0,-1,1,-1,1,-1,-1,0,-1,1,0,-1,-1
1054,1,-1,1,1,1,1,-1,1,-1,1,1,1,1,0,0,-1,1,1,0,1,1,1,1,-1,1,1,1,1,0,1,1
8240,-1,0,-1,-1,1,-1,1,-1,1,1,1,1,-1,-1,0,-1,-1,-1,0,1,1,1,1,-1,1,-1,1,1,0,1,-1
2291,-1,-1,-1,1,1,-1,0,1,-1,1,1,1,1,-1,0,-1,1,1,0,1,1,1,1,1,-1,-1,-1,-1,0,-1,-1
4866,1,-1,1,1,1,-1,-1,-1,-1,-1,-1,-1,1,0,0,-1,-1,-1,0,-1,1,-1,1,-1,-1,0,-1,1,0,-1,-1
4465,1,-1,1,1,1,1,1,1,-1,1,1,1,1,0,0,-1,-1,1,0,1,1,1,1,1,-1,1,-1,1,0,1,1
4044,1,-1,1,1,1,1,1,1,-1,1,1,1,1,0,-1,-1,1,1,0,1,1,1,1,1,1,1,-1,1,0,1,1
3151,1,-1,1,1,1,-1,1,1,-1,1,1,1,-1,0,0,-1,1,1,0,1,1,1,1,1,1,1,-1,1,0,1,1
212,1,1,1,1,1,-1,0,1,-1,1,1,1,1,0,1,1,1,1,0,1,1,1,1,-1,-1,1,1,1,-1,1,1
4791,1,-1,1,1,1,1,-1,1,1,1,1,1,-1,1,0,-1,1,1,0,1,1,1,1,1,1,1,-1,1,0,1,1
9037,-1,-1,1,1,1,-1,0,-1,-1,1,1,1,1,-1,1,-1,1,1,0,1,1,1,1,1,1,1,-1,1,1,1,-1
2377,1,-1,1,1,1,-1,0,1,-1,1,1,1,1,1,-1,-1,1,1,0,1,1,1,1,-1,1,0,-1,1,0,1,1
4453,1,-1,1,1,1,-1,-1,-1,-1,1,1,1,-1,0,-1,-1,1,1,0,1,1,1,1,-1,-1,0,-1,1,1,1,-1
7167,-1,-1,1,-1,1,-1,0,1,1,-1,-1,1,-1,0,-1,-1,-1,1,0,-1,1,-1,-1,-1,1,0,1,1,0,1,-1
4804,1,-1,1,1,1,-1,0,0,1,-1,-1,1,1,-1,1,-1,-1,1,0,1,1,-1,1,1,-1,1,-1,1,1,1,-1
10345,1,-1,1,1,1,-1,0,-1,1,1,1,1,1,-1,0,-1,1,1,0,1,1,1,1,1,1,1,-1,1,0,1,-1
3205,1,-1,1,1,1,-1,-1,-1,-1,1,1,1,-1,-1,-1,-1,1,1,0,1,1,1,1,-1,-1,-1,-1,1,1,1,-1
7666,1,-1,1,1,1,-1,1,1,-1,1,1,1,1,0,0,-1,1,1,0,1,1,1,1,-1,1,0,-1,1,0,1,1
9104,-1,-1,1,1,1,1,1,1,-1,1,1,1,1,0,-1,-1,1,1,0,1,1,1,1,1,1,-1,-1,1,1,1,1
8802,-1,0,1,-1,1,-1,1,0,1,1,1,1,-1,-1,-1,-1,-1,-1,0,1,1,1,1,1,1,1,-1,1,1,1,-1
9005,-1,1,-1,-1,-1,-1,-1,-1,-1,1,1,-1,1,-1,1,0,1,-1,1,1,1,1,1,1,-1,0,1,1,0,1,-1
6937,-1,-1,1,1,1,-1,0,-1,-1,1,1,1,1,-1,0,0,-1,1,0,1,1,1,1,-1,1,1,1,1,-1,1,-1
8236,-1,-1,1,-1,1,1,1,1,-1,1,1,1,1,1,0,-1,1,1,0,1,1,1,1,-1,1,1,-1,1,0,1,1
3146,1,-1,1,1,1,-1,-1,-1,-1,1,1,1,1,-1,0,-1,1,1,0,1,1,1,1,-1,1,-1,-1,1,0,-1,-1
8440,1,-1,1,1,1,-1,0,-1,1,1,1,1,-1,0,-1,-1,1,1,0,1,1,1,1,1,1,1,-1,-1,0,-1,-1
9757,1,-1,1,1,1,-1,-1,1,1,1,1,1,-1,-1,-1,0,1,1,0,1,1,1,1,1,1,0,-1,1,0,1,-1
10783,1,-1,1,1,1,-1,1,-1,-1,1,1,1,1,0,0,-1,1,1,0,1,1,1,1,1,1,1,-1,-1,0,1,-1
3620,1,-1,1,1,1,1,0,1,-1,1,1,1,1,1,1,-1,1,1,0,1,1,1,1,-1,1,1,-1,1,0,1,1
4326,1,1,1,1,1,-1,-1,-1,1,1,1,1,-1,-1,0,1,1,1,0,1,1,1,1,-1,1,-1,-1,1,0,1,-1
10367,-1,-1,-1,-1,-1,-1,-1,-1,1,-1,-1,-1,-1,-1,1,-1,-1,-1,1,-1,1,-1,-1,1,-1,1,-1,1,1,1,-1
9004,-1,1,1,1,1,-1,-1,-1,-1,1,1,1,1,-1,1,-1,1,1,0,1,1,1,1,1,1,0,1,1,1,1,-1
5274,-1,-1,1,1,1,-1,0,-1,1,1,1,1,-1,-1,-1,-1,1,1,1,1,1,1,1,-1,1,0,1,1,1,1,-1
8921,-1,-1,1,1,1,-1,-1,0,1,1,1,1,-1,-1,-1,-1,1,1,0,1,1,1,1,1,1,1,-1,1,1,1,-1
9030,1,1,1,-1,1,-1,1,1,-1,-1,-1,1,1,0,0,0,-1,1,0,-1,1,-1,-1,1,1,1,1,1,1,1,1
4264,1,-1,1,1,1,-1,-1,-1,1,1,1,1,-1,-1,-1,-1,1,1,0,1,1,1,1,-1,-1,-1,-1,-1,1,1,-1
3136,1,-1,1,1,1,-1,1,1,-1,1,1,1,-1,0,0,-1,1,1,0,1,1,1,1,1,1,1,1,1,0,1,1
5050,-1,-1,1,-1,-1,-1,0,-1,1,1,-1,1,-1,1,-1,-1,-1,1,1,1,1,1,1,-1,1,-1,1,1,1,1,-1
7596,-1,-1,1,1,1,-1,1,1,-1,1,1,1,1,0,1,1,1,1,0,1,1,1,1,-1,1,-1,1,1,1,1,1
7847,1,-1,-1,-1,1,-1,0,1,-1,1,1,1,1,0,-1,-1,1,1,0,1,1,1,1,-1,1,-1,-1,1,0,1,1
7026,-1,-1,1,1,1,-1,1,1,-1,1,1,-1,-1,1,1,-1,1,1,0,1,1,1,1,-1,1,1,1,1,0,1,1
10526,1,-1,-1,1,-1,-1,-1,-1,1,1,1,-1,-1,-1,1,-1,1,-1,1,1,1,1,1,-1,-1,1,-1,-1,0,1,-1
6408,1,-1,1,1,1,-1,1,1,-1,-1,-1,1,1,1,-1,1,-1,1,0,-1,1,-1,1,-1,1,1,1,1,0,1,1
4927,1,-1,1,1,1,-1,1,1,-1,1,1,1,-1,0,0,0,1,1,1,1,1,1,1,-1,1,1,-1,1,0,1,1
6662,1,-1,1,1,1,1,1,1,-1,1,1,1,1,1,-1,1,1,1,0,1,1,1,1,-1,1,0,1,1,0,1,1
1442,1,-1,1,1,1,-1,-1,-1,-1,1,1,1,1,-1,-1,-1,1,1,0,1,1,1,1,-1,-1,1,-1,1,0,1,-1
3596,1,-1,1,1,1,-1,1,1,-1,1,1,1,-1,0,0,-1,1,1,0,1,1,1,1,1,1,1,1,1,0,1,1
8574,1,1,1,-1,1,-1,1,1,-1,1,1,-1,1,0,0,-1,1,-1,0,1,1,1,1,1,1,1,1,1,0,1,1
1916,1,-1,1,1,1,-1,1,1,-1,1,1,-1,1,0,1,-1,1,1,0,1,1,1,1,1,1,1,-1,1,0,1,1
6195,1,-1,1,1,1,-1,1,0,-1,-1,1,1,1,-1,0,-1,1,1,0,-1,1,-1,1,-1,1,0,-1,1,0,1,-1
2724,1,-1,1,1,-1,-1,1,1,1,1,1,1,-1,1,1,-1,1,1,0,1,1,1,1,1,1,1,1,-1,0,-1,1
6782,1,-1,1,1,1,-1,1,1,-1,1,1,1,1,0,1,1,1,1,0,1,1,1,1,-1,1,1,1,1,0,-1,1
8696,1,-1,1,1,1,-1,1,1,1,1,1,-1,-1,1,1,0,1,1,0,1,1,1,1,1,1,-1,-1,1,1,1,1
4834,1,-1,1,1,1,-1,-1,1,1,1,1,1,-1,0,-1,-1,1,1,0,1,1,1,1,1,1,1,-1,1,0,1,1
2822,1,-1,1,1,1,1,1,1,-1,1,1,1,1,0,1,-1,1,1,0,1,1,1,1,1,1,1,-1,1,0,1,1
3905,1,-1,1,1,1,-1,1,1,-1,1,1,1,1,0,-1,-1,1,1,0,1,1,1,1,1,-1,0,-1,1,1,1,1
3855,1,-1,1,1,1,-1,-1,1,1,1,1,1,1,1,0,-1,1,1,0,1,1,1,1,1,1,1,1,1,0,1,1
785,1,1,1,1,1,-1,-1,-1,1,1,1,1,1,0,0,1,1,1,0,1,1,1,1,1,-1,1,-1,-1,1,1,-1
4914,1,-1,1,1,1,-1,-1,-1,1,-1,-1,1,-1,-1,0,-1,-1,1,0,-1,-1,-1,-1,-1,-1,-1,-1,1,0,-1,-1
9061,-1,-1,1,-1,1,-1,0,-1,-1,-1,-1,1,1,-1,-1,-1,-1,1,0,-1,1,-1,1,1,1,1,-1,1,0,1,-1
5614,1,-1,1,1,1,-1,1,1,-1,1,1,1,1,0,0,-1,1,1,0,1,1,1,1,-1,1,1,-1,1,0,1,1
8723,-1,1,-1,-1,-1,-1,1,0,-1,1,1,-1,1,-1,1,-1,1,-1,1,1,1,1,1,1,-1,0,1,1,1,1,-1
723,1,-1,1,-1,1,1,1,1,-1,1,1,1,1,0,1,-1,1,1,0,1,1,1,1,1,1,1,-1,1,0,1,1
2768,1,-1,1,1,1,-1,1,1,-1,1,1,1,1,0,0,-1,1,1,0,1,1,1,1,1,1,1,-1,1,0,1,1
1567,1,-1,1,1,1,1,1,1,-1,-1,-1,1,1,1,0,-1,-1,1,0,-1,1,-1,-1,1,1,1,-1,1,0,-1,1
7208,-1,-1,1,-1,1,-1,1,0,1,-1,-1,1,-1,-1,-1,-1,-1,1,0,-1,1,-1,1,-1,1,1,-1,1,1,1,-1
2700,1,-1,1,1,1,-1,1,1,1,1,1,1,1,0,0,-1,1,1,0,1,1,1,1,1,-1,0,-1,1,1,1,-1
1773,1,-1,1,1,1,-1,0,1,1,-1,1,1,-1,1,0,-1,1,1,0,1,1,-1,-1,-1,-1,1,1,-1,1,1,1
633,1,-1,1,1,1,-1,-1,-1,-1,1,1,1,1,-1,-1,-1,1,1,0,1,1,1,1,-1,-1,-1,-1,1,1,1,-1
7913,1,-1,1,1,1,-1,1,1,1,1,1,1,1,1,0,1,1,1,0,1,1,1,1,-1,1,1,-1,1,0,1,1
5165,1,-1,1,1,1,1,-1,1,-1,1,1,1,1,1,0,-1,1,1,0,1,1,1,1,-1,1,1,-1,1,0,1,1
9031,1,-1,1,1,1,1,1,1,-1,1,1,1,1,0,0,-1,1,1,0,1,1,1,1,1,1,1,-1,1,0,1,1
9459,-1,-1,1,1,1,-1,1,-1,-1,1,1,1,1,-1,-1,-1,1,1,0,1,1,1,1,1,1,0,-1,1,0,1,-1
6197,1,1,1,-1,1,-1,1,1,1,1,1,-1,-1,0,-1,1,-1,-1,0,1,1,1,1,-1,1,-1,-1,1,-1,1,1
1912,1,-1,1,1,1,-1,0,1,-1,1,1,1,1,0,1,-1,1,1,0,1,1,1,1,-1,-1,1,-1,1,1,1,1
1858,1,-1,1,1,1,-1,-1,-1,-1,1,1,1,1,-1,0,-1,1,1,0,1,1,1,1,-1,-1,1,-1,1,1,1,-1
9716,1,-1,1,1,1,-1,1,-1,-1,1,1,1,1,-1,0,-1,1,1,0,1,1,1,1,1,1,-1,-1,-1,0,1,-1
1758,1,-1,1,1,1,-1,0,0,-1,1,1,1,1,-1,-1,-1,1,1,0,1,1,1,1,1,-1,-1,-1,1,1,1,-1
5996,1,-1,1,-1,1,-1,0,0,-1,-1,-1,1,1,-1,-1,-1,-1,1,0,-1,-1,-1,-1,-1,1,1,1,1,1,1,-1
5390,-1,-1,1,1,1,1,0,1,1,1,1,1,-1,1,1,-1,1,1,0,1,1,1,1,-1,1,1,1,1,0,1,1
5244,-1,-1,1,-1,1,-1,0,0,1,1,-1,1,1,-1,-1,-1,-1,1,0,-1,-1,-1,-1,-1,1,-1,1,1,0,1,-1
6494,-1,-1,-1,-1,-1,-1,0,1,1,1,1,-1,-1,1,-1,-1,1,-1,0,1,1,1,1,-1,-1,1,-1,-1,1,1,1
10381,-1,-1,-1,-1,-1,-1,1,-1,-1,-1,-1,-1,-1,-1,1,0,-1,-1,1,-1,-1,-1,-1,1,-1,1,-1,1,1,1,-1
11001,-1,-1,1,1,1,-1,0,-1,-1,1,1,-1,-1,0,-1,-1,1,1,0,1,1,1,1,1,1,1,-1,1,0,1,-1
9765,-1,-1,-1,-1,-1,1,1,1,-1,1,1,-1,1,0,0,-1,1,-1,1,1,1,1,1,1,-1,1,-1,1,1,1,1
9496,1,-1,1,1,1,-1,1,1,-1,1,1,1,-1,0,-1,1,1,1,0,1,1,1,1,1,1,1,-1,1,0,1,1
1800,1,-1,1,1,1,-1,1,1,-1,1,1,1,1,0,0,-1,1,1,0,1,1,1,1,1,1,0,-1,1,0,1,1
6359,-1,-1,1,1,1,-1,-1,1,1,1,1,1,-1,0,1,1,1,1,0,1,1,1,1,-1,1,1,-1,1,1,1,1
288,1,0,1,1,1,-1,-1,1,-1,-1,1,-1,-1,-1,0,-1,1,1,0,-1,1,-1,-1,-1,-1,0,-1,1,0,1,-1
10136,-1,-1,1,1,1,-1,1,1,-1,-1,1,-1,1,1,-1,-1,1,1,0,-1,1,-1,1,1,1,-1,-1,1,-1,1,1
8885,-1,-1,1,1,1,-1,1,1,-1,-1,1,1,1,0,-1,1,1,1,0,-1,1,-1,1,1,1,1,-1,1,0,1,1
2849,-1,-1,-1,1,-1,-1,-1,1,-1,1,1,-1,1,1,1,-1,1,-1,0,1,1,1,1,1,-1,1,1,1,1,1,1
3511,1,1,1,1,1,-1,0,1,-1,-1,1,1,1,0,-1,1,1,1,0,-1,1,-1,1,-1,1,1,-1,1,0,1,1
1981,-1,1,-1,1,-1,-1,-1,1,-1,1,1,-1,1,0,-1,1,1,1,1,1,1,1,1,-1,-1,0,-1,-1,1,1,-1
2598,-1,1,-1,1,-1,-1,0,0,-1,1,1,-1,1,-1,1,1,1,-1,1,1,1,1,1,1,-1,1,-1,1,1,1,-1
3704,1,-1,1,1,1,-1,0,-1,-1,1,1,1,1,1,0,-1,1,1,0,1,1,1,1,-1,1,1,-1,1,0,1,1
6276,-1,-1,1,1,-1,-1,0,0,-1,1,1,-1,-1,0,-1,-1,1,1,0,1,1,1,1,-1,1,1,1,-1,0,1,-1
4427,1,-1,1,-1,1,-1,0,0,-1,1,1,1,1,-1,0,-1,1,1,0,1,1,1,1,1,-1,-1,-1,-1,0,1,-1
2380,1,-1,1,-1,1,-1,-1,-1,1,1,1,1,-1,-1,-1,-1,1,1,0,1,1,1,1,1,1,-1,1,1,1,1,-1
2405,1,-1,1,1,1,-1,-1,-1,1,1,1,1,-1,-1,-1,-1,1,1,0,1,1,1,1,-1,-1,0,-1,1,1,1,-1
10448,-1,-1,1,1,1,-1,0,-1,1,1,1,1,1,0,-1,-1,1,1,0,1,1,1,1,1,1,0,-1,-1,0,1,-1
2207,1,-1,1,-1,1,-1,1,1,-1,1,1,1,1,1,1,-1,1,1,0,1,1,1,1,1,1,1,-1,1,0,1,1
4869,1,-1,1,1,1,-1,-1,-1,1,-1,-1,1,-1,-1,0,-1,-1,1,0,-1,-1,-1,-1,1,1,0,-1,1,0,-1,-1
9443,1,-1,1,1,1,-1,1,1,-1,1,1,1,1,-1,0,-1,1,1,0,1,1,1,1,1,1,-1,-1,1,-1,1,1
667,1,-1,1,1,1,-1,0,-1,-1,1,1,1,1,-1,0,-1,1,1,0,1,1,-1,1,-1,-1,-1,-1,1,0,1,-1
3362,1,-1,1,1,1,-1,0,0,-1,1,1,1,1,-1,0,-1,1,1,0,1,1,1,1,1,-1,-1,-1,1,-1,1,-1
7752,-1,1,-1,-1,-1,-1,1,1,-1,1,1,-1,1,0,-1,-1,1,-1,0,1,1,1,1,1,-1,0,1,-1,1,1,1
1339,1,-1,1,1,1,-1,-1,1,-1,1,1,1,1,0,-1,-1,1,1,0,1,1,1,1,-1,1,0,-1,-1,0,1,-1
10641,-1,-1,1,1,1,-1,-1,1,1,1,1,1,1,0,0,-1,1,1,0,1,1,1,1,-1,1,-1,-1,1,1,1,1
7719,1,1,1,1,1,1,0,-1,-1,1,1,1,1,0,0,-1,1,1,0,1,1,1,1,1,1,1,-1,1,-1,1,1
1336,1,1,1,1,1,-1,-1,-1,1,1,1,1,-1,-1,0,1,1,1,0,1,1,1,1,-1,-1,0,-1,1,1,1,-1
5683,-1,-1,1,1,1,-1,1,1,-1,1,1,1,1,0,1,0,1,1,0,1,1,1,1,-1,1,-1,1,1,1,1,1
6526,1,-1,1,1,1,1,0,1,-1,1,1,1,1,1,1,-1,1,1,0,1,1,1,1,-1,1,1,-1,1,0,1,1
3225,1,-1,1,-1,1,1,-1,1,1,1,1,1,-1,1,1,-1,1,1,0,1,1,1,1,-1,1,1,-1,1,0,1,1
7405,1,-1,1,1,1,-1,0,1,-1,1,1,1,1,1,1,-1,1,1,0,1,1,1,1,-1,1,1,1,1,0,1,1
8308,-1,-1,1,1,1,-1,-1,1,-1,1,1,1,-1,0,0,-1,1,1,0,1,1,1,1,-1,1,1,-1,1,1,1,1
9652,1,-1,1,1,1,-1,0,-1,-1,1,1,1,-1,-1,0,-1,1,1,0,1,1,-1,1,1,1,0,-1,1,1,1,-1
4336,1,-1,1,1,1,-1,-1,1,-1,1,1,1,1,1,0,-1,1,1,0,1,1,1,1,-1,1,1,1,1,0,1,1
595,1,1,1,1,1,-1,-1,1,-1,1,1,1,1,0,0,1,1,1,0,1,1,1,1,1,-1,1,1,1,0,1,1
9180,-1,-1,1,1,1,-1,1,-1,-1,1,1,-1,-1,0,-1,-1,1,1,0,1,1,1,1,-1,1,1,-1,1,0,1,-1
5457,-1,-1,1,1,-1,-1,1,1,-1,1,1,1,1,0,1,1,1,1,0,1,1,1,1,-1,1,1,1,1,1,1,1
252,1,-1,1,1,1,-1,-1,-1,1,1,1,1,1,-1,0,-1,1,1,0,1,1,1,1,-1,-1,-1,-1,1,0,1,-1
1447,1,-1,1,1,1,-1,-1,1,-1,1,1,1,-1,0,-1,-1,1,1,0,1,1,1,1,-1,-1,1,-1,1,0,1,-1
6465,1,-1,1,1,1,1,0,1,-1,1,1,1,1,0,0,1,1,1,0,1,1,1,1,-1,1,1,1,1,0,1,1
140,1,-1,1,1,1,-1,0,-1,-1,-1,1,1,1,-1,1,-1,1,1,0,1,1,-1,1,-1,-1,-1,-1,1,0,1,-1
2536,1,-1,1,-1,1,-1,0,0,1,1,1,1,-1,-1,0,-1,1,1,0,1,1,1,1,1,1,-1,-1,1,0,1,-1
6036,1,1,1,1,1,-1,0,-1,-1,-1,1,1,1,0,0,-1,-1,1,0,-1,1,-1,1,1,1,1,-1,1,0,1,1
2265,1,-1,1,-1,1,-1,-1,-1,1,1,1,1,1,-1,0,-1,1,1,0,1,1,1,1,-1,-1,-1,-1,1,1,1,-1
1613,1,1,1,1,1,-1,0,0,-1,-1,-1,1,-1,-1,0,1,-1,1,0,1,1,-1,1,1,-1,-1,-1,1,0,-1,-1
7935,1,-1,1,1,1,-1,0,1,1,1,1,1,-1,-1,-1,-1,1,1,0,1,1,1,1,-1,1,1,1,1,0,1,-1
10434,1,1,1,-1,1,-1,0,0,-1,-1,-1,1,1,-1,-1,-1,-1,1,0,1,1,-1,1,1,1,0,1,1,0,1,-1
1809,1,1,1,1,1,-1,0,0,-1,1,1,1,1,-1,0,1,1,1,0,1,1,1,1,1,-1,-1,-1,1,1,1,-1
6653,1,-1,1,1,1,-1,1,1,-1,1,1,1,1,1,1,-1,1,1,0,1,1,1,1,-1,1,1,1,1,0,-1,1
10294,1,-1,1,1,1,-1,1,1,-1,1,1,1,1,0,-1,0,1,1,0,1,1,1,1,1,1,-1,-1,1,0,1,1
6986,1,-1,1,1,1,1,-1,1,-1,1,1,1,1,1,0,1,1,1,0,1,1,1,1,-1,1,1,1,1,0,1,1
7163,-1,-1,1,1,1,-1,0,1,-1,1,1,1,-1,-1,-1,-1,1,1,0,1,1,1,1,-1,1,0,1,1,0,1,-1
2163,1,-1,1,1,1,-1,-1,-1,-1,1,1,1,-1,0,-1,-1,1,1,0,1,1,1,1,-1,1,1,-1,-1,0,1,-1
10726,1,-1,1,-1,1,-1,1,1,-1,1,1,1,1,0,1,-1,-1,-1,0,1,1,1,1,1,1,1,-1,-1,-1,1,1
8283,-1,1,1,1,1,-1,1,-1,-1,1,1,1,1,1,1,-1,1,1,0,1,1,1,1,1,1,1,1,1,1,1,1
10402,1,-1,1,1,1,-1,1,-1,-1,1,1,1,1,1,0,-1,1,1,0,1,1,1,1,-1,1,0,-1,1,0,1,1
8110,1,-1,1,1,1,-1,0,-1,-1,1,1,1,1,-1,0,0,-1,1,0,1,1,1,1,-1,1,1,1,1,-1,1,-1
50,1,-1,1,1,1,-1,0,0,-1,1,1,1,-1,-1,-1,-1,-1,1,0,1,1,1,1,1,-1,-1,-1,1,0,1,-1
2894,1,-1,1,-1,1,-1,-1,-1,1,1,1,1,-1,0,0,-1,1,1,0,1,1,1,1,-1,-1,-1,1,1,1,1,-1
6645,1,-1,1,1,1,-1,0,1,1,1,1,1,-1,0,0,-1,1,1,0,1,1,1,1,-1,1,1,-1,1,1,1,1
2260,1,-1,1,1,1,-1,0,0,-1,1,1,1,-1,0,0,-1,1,1,0,1,1,1,1,1,-1,0,-1,1,1,1,-1
8198,-1,-1,1,1,1,-1,0,-1,-1,1,1,1,1,0,0,-1,-1,1,0,1,1,1,1,-1,1,1,-1,1,0,1,-1
10183,1,-1,1,1,1,-1,1,-1,-1,1,1,1,1,0,0,-1,1,1,0,1,1,1,1,1,1,1,-1,1,0,1,-1
5712,1,-1,1,1,1,-1,0,0,-1,1,1,1,1,-1,0,-1,1,1,0,1,1,1,1,-1,1,-1,-1,1,0,1,-1
7292,1,-1,1,1,1,-1,1,1,-1,1,1,1,-1,0,1,1,1,1,0,1,1,1,1,-1,1,1,-1,1,0,-1,1
10903,-1,-1,1,-1,1,-1,1,1,1,-1,-1,1,-1,1,1,1,-1,1,0,1,1,-1,1,1,1,-1,-1,-1,1,1,1
9683,1,-1,1,1,1,-1,1,-1,-1,1,1,1,1,-1,0,-1,1,1,0,1,1,1,1,1,1,1,-1,1,0,1,-1
5067,1,-1,1,1,1,1,0,1,-1,1,1,1,1,1,0,-1,1,1,0,1,1,1,1,-1,-1,1,-1,1,0,-1,1
5087,1,-1,1,1,1,1,1,1,-1,1,1,1,-1,0,-1,-1,-1,1,0,1,1,1,1,1,1,0,-1,1,0,1,1
705,1,-1,1,1,1,1,-1,1,1,-1,-1,1,-1,0,1,-1,-1,1,0,-1,1,-1,-1,1,1,1,-1,1,1,-1,1
9269,1,-1,1,1,1,-1,-1,1,-1,1,1,1,-1,0,0,1,1,1,0,1,1,1,1,-1,1,0,-1,1,0,1,1
1841,1,-1,1,1,1,-1,-1,-1,1,1,1,1,-1,0,-1,-1,1,1,0,1,1,1,1,-1,-1,0,-1,-1,0,1,-1
9153,1,-1,1,1,1,1,1,1,-1,1,1,-1,1,1,0,-1,1,1,0,1,1,1,1,1,1,1,-1,1,0,1,1
10627,1,-1,1,-1,1,-1,0,-1,1,-1,-1,1,-1,-1,-1,-1,-1,1,0,-1,-1,-1,-1,1,1,1,-1,1,0,1,-1
2561,1,-1,1,1,1,-1,0,1,-1,1,1,1,1,0,-1,-1,1,1,0,1,1,1,1,-1,1,1,1,1,0,1,1
282,1,-1,1,1,1,-1,-1,-1,1,1,1,1,-1,-1,-1,-1,1,1,0,1,1,1,1,1,-1,-1,-1,1,0,1,-1
585,1,-1,1,1,1,-1,1,1,1,-1,-1,1,-1,0,1,-1,-1,1,0,-1,1,-1,-1,1,-1,1,-1,1,1,-1,-1
8619,1,-1,1,-1,1,1,1,1,-1,-1,-1,-1,1,0,-1,-1,-1,1,0,-1,-1,-1,-1,1,1,1,-1,1,1,1,1
3738,1,-1,1,1,1,-1,-1,1,-1,1,1,1,1,0,0,-1,1,1,0,1,1,1,1,-1,1,1,-1,1,0,1,1
8284,-1,-1,-1,-1,-1,-1,1,-1,-1,-1,-1,-1,-1,-1,1,1,-1,-1,1,-1,-1,-1,-1,1,-1,1,-1,1,1,1,-1
2210,1,-1,1,1,1,-1,-1,1,-1,1,1,1,1,0,1,-1,1,1,0,1,1,1,1,1,1,1,1,1,0,1,1
9890,1,-1,1,1,1,1,1,1,-1,1,1,1,1,1,1,-1,1,1,0,1,1,1,1,1,1,-1,-1,1,0,1,1
3002,1,-1,1,1,1,-1,1,1,-1,1,1,1,1,1,0,-1,1,1,0,1,1,1,1,1,1,1,-1,1,0,1,1
9159,1,-1,1,1,1,-1,0,0,-1,-1,1,1,1,-1,0,-1,1,1,0,-1,1,-1,1,1,1,1,-1,1,0,1,-1
10573,1,-1,-1,-1,-1,-1,1,1,-1,1,1,-1,1,0,-1,1,-1,-1,0,1,1,1,1,1,-1,1,-1,1,-1,1,1
11011,-1,-1,1,1,1,-1,1,1,-1,1,1,1,-1,0,1,1,1,1,0,1,1,1,1,1,1,0,-1,1,1,1,1
2344,1,-1,1,1,1,-1,-1,-1,-1,-1,-1,1,-1,-1,0,-1,-1,1,0,-1,-1,-1,-1,-1,1,0,-1,1,0,-1,-1
9167,-1,1,1,1,1,-1,-1,0,-1,1,1,1,1,-1,-1,-1,1,1,0,1,1,1,1,1,1,0,1,1,-1,-1,-1
5995,-1,-1,1,1,1,-1,0,-1,1,1,1,1,-1,-1,-1,1,1,1,0,1,1,1,1,-1,1,-1,1,1,0,1,-1
6057,1,-1,1,1,1,-1,1,1,1,1,1,1,-1,1,0,0,1,1,0,1,1,1,1,-1,1,-1,1,1,0,1,1
6120,-1,1,1,1,1,-1,0,-1,-1,1,1,1,1,-1,0,0,1,1,0,1,1,1,1,1,1,-1,-1,1,0,1,-1
4079,1,-1,-1,1,-1,1,-1,1,-1,1,1,1,1,1,0,-1,1,1,1,1,1,1,1,-1,-1,1,-1,1,-1,1,1
1518,1,-1,1,1,1,-1,1,1,-1,-1,-1,1,1,1,1,-1,-1,1,0,-1,1,-1,-1,1,-1,1,-1,1,1,-1,1
2198,1,1,1,-1,1,-1,1,-1,1,-1,-1,1,-1,-1,1,-1,1,1,0,-1,1,-1,-1,1,1,-1,-1,1,0,-1,-1
274,1,-1,1,1,1,-1,-1,1,1,1,1,1,-1,0,-1,-1,1,1,0,1,1,1,1,1,1,1,-1,1,0,1,1
517,1,1,1,1,1,-1,-1,1,1,1,1,1,1,0,0,1,1,1,0,1,1,1,1,1,-1,0,-1,1,1,1,1
3462,1,-1,1,1,1,1,1,-1,-1,1,1,1,1,1,0,-1,1,1,0,1,1,1,1,1,-1,-1,-1,1,1,1,1
4124,1,-1,1,1,1,-1,-1,1,-1,-1,-1,1,1,-1,1,-1,-1,1,0,-1,1,-1,-1,1,-1,1,-1,1,1,-1,1
9299,-1,-1,1,1,1,-1,1,1,-1,-1,-1,1,-1,1,1,-1,-1,1,0,1,1,-1,1,-1,1,1,-1,1,1,1,1
69,1,1,1,-1,1,-1,1,1,-1,1,1,-1,1,0,1,1,1,1,0,1,1,1,1,1,-1,1,-1,1,-1,1,1
10325,1,-1,1,1,1,-1,0,-1,-1,1,1,1,1,-1,-1,-1,1,1,0,1,1,1,1,1,1,1,-1,1,0,1,-1
5554,-1,1,-1,-1,-1,-1,0,1,-1,1,1,-1,1,0,-1,-1,1,1,1,1,1,1,1,1,-1,0,1,-1,1,1,-1
9887,-1,-1,1,1,1,-1,1,1,-1,1,1,1,1,0,-1,-1,1,1,0,1,1,1,1,1,1,-1,-1,1,1,1,1
7391,1,-1,1,1,1,-1,0,-1,1,1,1,1,-1,-1,-1,-1,1,1,0,1,1,1,1,-1,1,-1,-1,1,0,1,-1
4562,1,-1,1,1,1,-1,-1,-1,-1,-1,-1,1,1,-1,0,-1,-1,1,0,1,1,-1,1,-1,-1,-1,-1,-1,0,1,-1
6306,-1,-1,1,1,1,-1,0,-1,1,1,1,1,-1,0,-1,-1,1,1,0,1,1,1,1,-1,1,1,1,1,0,1,-1
3957,-1,1,-1,1,-1,-1,-1,-1,-1,1,1,-1,1,-1,-1,1,1,-1,1,1,1,1,1,-1,-1,1,-1,1,1,1,-1
1742,1,-1,1,1,1,-1,1,1,-1,1,1,1,-1,0,1,-1,1,1,0,1,1,1,1,1,1,1,1,1,0,1,1
2456,1,1,1,1,1,1,-1,1,-1,-1,-1,1,1,0,-1,1,1,1,0,-1,-1,-1,-1,1,-1,1,-1,1,1,-1,1
7301,-1,-1,1,1,1,-1,1,-1,-1,1,1,-1,-1,0,-1,-1,1,1,0,1,1,1,1,-1,1,0,1,1,0,1,-1
1475,-1,1,-1,1,-1,1,0,1,-1,1,1,-1,1,0,-1,1,1,-1,1,1,1,1,1,-1,-1,1,-1,1,1,-1,1
3003,1,1,1,1,1,1,-1,1,-1,1,1,1,1,1,0,1,1,1,0,1,1,1,1,1,-1,-1,-1,1,1,1,1
5436,-1,-1,1,-1,1,1,-1,1,-1,-1,-1,1,-1,1,1,-1,-1,1,0,-1,1,-1,-1,-1,1,1,-1,1,1,1,1
10642,-1,-1,1,-1,1,-1,0,1,1,1,1,1,-1,-1,-1,-1,1,1,0,1,1,1,1,1,1,1,-1,-1,1,1,-1
9409,1,-1,1,-1,1,-1,1,-1,-1,-1,-1,1,1,-1,0,-1,-1,1,0,1,1,1,1,1,1,1,-1,-1,0,1,-1
1305,1,-1,1,1,1,-1,-1,-1,-1,1,1,1,-1,0,0,-1,1,1,0,1,1,1,1,-1,-1,0,-1,1,0,1,-1
2096,1,-1,1,1,1,-1,1,1,-1,1,1,-1,1,1,1,-1,1,1,0,1,1,1,1,1,-1,-1,-1,1,1,1,1
9655,-1,-1,1,1,1,1,1,1,1,-1,-1,1,-1,1,-1,-1,-1,1,0,1,1,-1,1,1,1,-1,-1,1,1,1,1
2590,1,-1,1,1,1,-1,-1,-1,-1,1,1,1,-1,0,0,-1,1,1,0,1,1,1,1,-1,1,1,-1,-1,0,1,-1
6747,1,-1,1,1,1,-1,0,1,-1,1,1,1,-1,0,0,-1,1,1,0,1,1,1,1,-1,1,0,-1,1,0,1,1
7676,-1,-1,1,1,1,1,1,1,-1,1,1,1,1,0,0,1,1,1,0,1,1,1,1,-1,1,1,-1,1,1,1,1
9811,-1,-1,1,1,1,-1,-1,-1,1,1,1,1,-1,-1,-1,-1,1,1,0,1,1,1,1,1,1,1,-1,-1,1,1,-1
6871,1,-1,1,1,1,-1,1,1,1,-1,1,1,-1,1,0,-1,1,1,0,1,1,-1,1,-1,1,0,-1,1,0,1,1
4377,1,-1,1,1,1,-1,1,1,1,1,1,1,-1,0,-1,-1,1,1,0,1,1,1,1,1,1,-1,1,1,0,1,1
754,1,-1,1,1,1,-1,-1,1,1,1,1,1,-1,0,0,-1,1,1,0,1,1,1,1,1,1,1,-1,-1,0,1,1
5518,1,-1,1,1,1,-1,0,1,1,1,1,1,-1,0,-1,-1,1,1,0,1,1,1,1,-1,1,0,-1,1,0,-1,-1
7339,1,1,1,1,1,-1,1,1,-1,1,1,1,1,1,0,0,1,1,0,1,1,1,1,1,1,1,1,1,0,1,1
9447,-1,-1,1,1,1,-1,1,1,1,1,1,1,-1,0,1,1,1,1,0,1,1,1,1,1,1,1,-1,1,1,1,1
1492,1,-1,1,1,1,-1,-1,1,1,1,1,1,1,1,1,-1,1,1,0,1,1,1,1,1,1,1,1,1,0,1,1
57,1,-1,1,1,1,-1,1,1,-1,-1,1,1,1,0,1,-1,1,1,0,1,1,-1,-1,1,-1,0,-1,1,1,1,1
3390,-1,1,-1,1,-1,-1,-1,1,-1,1,1,-1,1,1,-1,1,1,-1,1,1,1,1,1,1,-1,1,-1,1,1,1,1
4940,1,-1,1,-1,1,-1,1,1,-1,-1,-1,1,1,-1,1,-1,-1,1,0,1,1,-1,1,1,-1,0,-1,-1,1,-1,-1
294,1,-1,1,1,1,-1,-1,-1,-1,1,1,1,-1,0,0,-1,1,1,0,1,1,1,1,-1,1,0,-1,-1,0,1,-1
5883,1,-1,1,1,1,-1,0,1,1,1,1,1,-1,0,0,1,1,1,0,1,1,1,1,-1,1,1,1,1,0,1,1
1835,-1,-1,-1,1,-1,-1,0,1,-1,1,1,-1,1,0,1,-1,1,-1,1,1,1,1,1,1,-1,1,1,1,1,1,1
1940,1,-1,1,-1,1,-1,-1,-1,-1,1,1,1,-1,-1,0,-1,1,1,0,1,1,1,1,-1,-1,-1,-1,1,0,1,-1
10278,-1,-1,1,-1,1,-1,1,0,1,-1,-1,1,-1,-1,-1,-1,-1,1,0,-1,-1,-1,-1,1,1,0,-1,-1,1,1,-1
3123,1,-1,1,1,1,-1,1,-1,-1,1,1,1,1,0,0,-1,1,1,0,1,1,-1,1,1,-1,0,-1,1,1,1,1
5832,-1,-1,1,-1,1,-1,0,1,-1,-1,-1,1,1,0,1,-1,-1,1,0,-1,-1,-1,-1,-1,1,1,-1,1,1,1,1
10431,1,-1,1,1,1,-1,-1,-1,1,1,1,1,-1,-1,-1,-1,1,1,0,1,1,1,1,1,1,0,-1,1,0,1,-1
6624,1,-1,1,1,1,-1,0,-1,1,1,1,1,1,0,-1,-1,1,1,0,1,1,1,1,-1,1,-1,-1,1,1,1,-1
2393,1,1,1,-1,1,-1,0,0,-1,1,1,1,1,-1,0,1,1,1,0,1,1,1,1,1,1,-1,-1,1,0,1,-1
10195,1,-1,1,1,1,-1,0,1,1,1,1,1,-1,1,-1,1,1,1,0,1,1,1,1,1,1,1,-1,1,0,1,1
6848,1,-1,-1,1,-1,-1,1,1,-1,1,1,-1,1,0,-1,0,1,1,0,1,1,1,1,-1,-1,1,1,-1,-1,1,1
10647,1,-1,1,1,1,1,1,1,-1,1,1,1,1,1,-1,-1,1,1,0,1,1,-1,1,1,1,1,-1,1,0,1,1
5840,1,-1,1,1,1,-1,1,1,-1,1,1,1,1,0,-1,-1,1,1,0,1,1,1,1,-1,1,0,1,1,0,-1,-1
6818,-1,-1,1,1,1,-1,1,1,-1,1,1,-1,-1,1,1,-1,1,1,0,1,1,1,1,-1,1,1,1,1,0,1,1
5168,-1,-1,-1,-1,-1,-1,1,1,-1,1,1,1,1,-1,0,-1,1,1,1,1,1,1,1,-1,-1,-1,1,1,0,1,-1
7164,-1,-1,1,1,1,-1,-1,-1,-1,1,1,1,-1,0,-1,-1,1,1,0,1,1,1,1,-1,1,0,1,1,1,1,-1
1851,1,-1,1,1,1,-1,-1,-1,1,1,1,1,1,0,0,-1,1,1,0,1,1,1,1,-1,-1,1,-1,-1,1,1,-1
10486,1,-1,1,-1,1,-1,1,0,1,1,-1,1,1,0,-1,-1,-1,-1,0,1,1,1,1,1,1,0,-1,1,1,1,-1
2528,1,-1,1,1,1,-1,0,-1,1,1,1,1,-1,-1,-1,-1,1,1,0,1,1,1,1,-1,-1,0,-1,-1,0,1,-1
1874,1,-1,1,1,1,-1,1,1,1,1,1,1,1,1,-1,-1,1,1,0,1,1,1,1,1,-1,-1,-1,1,1,1,1
2796,1,-1,1,1,1,-1,1,1,-1,1,1,1,-1,0,1,-1,1,1,0,1,1,1,1,1,1,1,1,1,0,1,1
3975,1,-1,1,1,1,-1,0,0,1,1,1,1,1,-1,0,-1,1,1,0,1,1,1,1,1,1,-1,-1,1,0,1,-1
1047,1,1,1,-1,1,1,1,1,1,1,1,1,-1,1,1,1,1,1,0,1,1,1,1,1,1,1,-1,1,0,1,1
10024,1,-1,1,1,1,-1,-1,1,-1,1,1,1,-1,0,-1,0,-1,1,0,1,1,1,1,1,1,-1,-1,1,0,1,1
351,-1,-1,-1,1,-1,1,1,1,1,1,1,-1,-1,1,0,-1,-1,-1,0,1,1,1,1,1,1,1,1,1,1,-1,1
7009,1,-1,1,1,1,-1,1,1,1,1,1,1,1,1,1,1,1,1,0,1,1,1,1,-1,1,1,-1,1,0,1,1
10067,-1,-1,-1,1,-1,-1,1,1,-1,1,1,-1,1,1,0,-1,1,-1,1,1,1,1,1,1,-1,-1,-1,1,1,1,1
1140,-1,-1,-1,1,-1,1,-1,1,-1,1,1,-1,1,1,-1,-1,1,-1,1,1,1,1,1,1,-1,1,-1,1,1,1,1
1315,1,-1,1,1,1,-1,1,-1,-1,1,1,1,1,-1,0,-1,1,1,0,1,1,1,1,1,-1,-1,-1,1,0,1,-1
1540,1,-1,1,1,1,-1,-1,1,-1,-1,1,1,1,0,0,-1,1,1,0,1,1,-1,1,1,-1,1,1,1,1,1,1
669,1,-1,1,1,1,-1,-1,-1,1,1,1,1,-1,-1,0,-1,1,1,0,1,1,1,1,-1,-1,-1,-1,1,1,1,-1
7181,1,-1,1,1,1,-1,0,-1,-1,1,1,1,-1,0,-1,-1,1,1,0,1,1,1,1,-1,1,0,1,1,0,1,-1
952,1,-1,1,1,1,-1,0,-1,-1,1,1,1,1,-1,0,-1,1,1,0,1,1,1,1,-1,1,-1,-1,1,0,1,-1
5296,-1,-1,1,1,1,-1,1,1,-1,1,1,1,1,1,0,1,1,1,0,1,1,1,1,-1,1,-1,-1,1,1,1,1
8814,-1,1,1,1,1,-1,0,1,1,1,1,1,1,0,0,-1,1,1,0,1,1,1,1,1,1,-1,1,1,1,1,1
6253,1,-1,1,1,1,-1,-1,1,1,1,1,1,-1,0,0,-1,1,1,0,1,1,1,1,-1,1,-1,1,1,0,1,1
10248,-1,-1,-1,1,-1,1,1,1,1,1,1,-1,-1,1,1,-1,1,-1,1,1,1,1,1,1,-1,-1,-1,1,1,1,1
3744,1,-1,1,1,1,-1,-1,1,-1,1,1,1,1,0,0,-1,1,1,0,1,1,1,1,1,1,1,-1,1,0,1,1
1927,1,-1,1,1,1,-1,0,1,1,1,1,1,-1,0,0,-1,1,1,0,1,1,1,1,-1,-1,1,-1,1,0,1,1
10744,-1,-1,-1,1,-1,-1,1,1,-1,1,1,-1,1,0,1,-1,1,-1,1,1,1,1,1,1,-1,-1,-1,1,1,1,1
6175,-1,-1,1,1,1,-1,0,-1,-1,1,1,1,-1,-1,-1,-1,1,1,0,1,1,1,1,-1,1,-1,1,1,1,1,-1
4073,1,-1,1,1,1,-1,-1,1,-1,1,1,-1,1,0,1,-1,1,1,0,1,1,1,1,-1,-1,-1,-1,1,0,1,1
223,1,1,1,1,1,-1,1,1,-1,1,1,1,1,0,1,1,1,1,0,1,1,-1,1,1,-1,0,-1,1,1,1,-1
4821,-1,1,-1,1,-1,-1,0,0,1,1,1,-1,-1,-1,1,-1,1,1,0,-1,1,-1,1,1,-1,-1,-1,1,0,1,-1
8851,1,1,1,1,1,-1,1,1,-1,1,1,1,1,0,1,1,1,1,0,1,1,1,1,-1,1,0,1,1,0,-1,1
9132,1,-1,1,1,1,-1,-1,-1,1,1,1,1,-1,-1,0,-1,1,1,0,1,1,1,1,1,1,1,-1,1,1,1,-1
6060,-1,-1,1,1,1,-1,0,1,-1,1,1,1,1,0,1,1,1,1,0,1,1,1,1,-1,1,1,-1,1,0,1,1
2004,1,-1,1,1,1,-1,-1,1,-1,1,1,1,1,0,0,-1,1,1,0,1,1,1,1,-1,1,0,-1,1,0,1,1
1636,1,-1,1,1,1,-1,-1,-1,1,1,1,1,-1,1,-1,-1,1,1,0,1,1,1,1,-1,1,-1,-1,-1,1,1,-1
5540,1,-1,1,1,1,-1,0,-1,1,1,1,1,-1,1,-1,-1,1,1,1,1,1,1,1,-1,1,-1,1,1,1,1,-1
5962,1,-1,1,1,1,1,1,1,-1,1,1,1,1,1,1,-1,1,1,0,1,1,1,1,-1,1,1,-1,1,0,-1,1
2201,1,-1,1,1,1,-1,1,1,-1,1,1,1,1,0,1,-1,1,1,0,1,1,1,1,1,1,1,-1,1,0,1,1
2402,1,-1,1,1,1,-1,0,1,-1,-1,-1,1,1,1,0,-1,-1,1,0,-1,-1,-1,-1,-1,-1,1,-1,1,1,-1,1
113,1,-1,1,1,1,-1,1,1,-1,1,1,1,1,0,1,-1,1,1,0,1,1,1,1,1,1,1,-1,1,0,1,1
51,-1,1,-1,1,-1,-1,0,-1,-1,-1,1,-1,1,-1,1,1,1,-1,0,-1,1,-1,1,-1,-1,1,-1,1,1,-1,-1
9540,1,-1,1,1,1,-1,1,1,-1,1,1,1,1,0,1,-1,1,1,0,1,1,1,1,-1,1,0,-1,1,0,1,1
2261,1,-1,1,1,1,-1,0,0,1,-1,-1,1,-1,0,0,-1,-1,1,0,-1,-1,-1,-1,1,1,-1,-1,-1,0,-1,-1
5604,1,-1,1,1,1,-1,0,1,-1,1,1,1,-1,0,0,0,1,1,0,1,1,1,1,-1,1,1,-1,1,0,1,1
8148,-1,-1,1,-1,1,-1,-1,-1,1,1,1,1,-1,1,-1,-1,1,1,1,1,-1,1,-1,1,1,1,-1,-1,1,1,-1
10967,-1,-1,-1,1,-1,-1,1,1,1,1,1,-1,-1,0,1,-1,1,-1,1,1,1,1,1,1,-1,0,-1,1,1,1,1
8945,1,-1,1,1,1,-1,1,1,-1,1,1,1,1,0,1,-1,1,1,0,1,1,1,1,1,1,-1,-1,1,0,1,1
7854,-1,1,1,1,1,-1,1,-1,1,1,1,1,1,0,0,-1,1,1,1,1,1,1,1,1,1,1,-1,1,1,1,-1
9638,-1,-1,1,1,1,-1,-1,-1,1,1,1,1,-1,-1,-1,0,1,1,0,1,1,1,1,1,1,0,-1,-1,1,1,-1
6897,-1,1,1,1,1,-1,-1,1,-1,-1,-1,1,1,0,-1,-1,-1,1,0,-1,1,-1,-1,1,1,1,-1,1,-1,1,1
10078,-1,-1,1,1,1,-1,-1,0,1,1,1,1,-1,-1,0,-1,1,1,0,1,1,1,1,1,1,0,-1,1,0,1,-1
6125,-1,-1,1,-1,1,-1,0,-1,1,-1,-1,1,-1,-1,0,-1,-1,1,1,1,1,-1,1,-1,1,-1,1,1,0,1,-1
7379,1,-1,1,1,1,1,0,1,-1,1,1,1,1,1,1,-1,1,1,0,1,1,1,1,-1,1,1,1,1,0,1,1
8674,-1,1,1,-1,1,-1,-1,0,-1,1,1,1,-1,-1,1,-1,1,1,0,1,1,1,1,1,1,1,1,1,1,1,-1
2812,1,-1,1,1,1,-1,0,-1,1,1,1,1,-1,-1,-1,-1,1,1,0,1,1,1,1,-1,-1,0,-1,1,0,-1,-1
2864,1,-1,1,1,1,-1,0,1,1,-1,-1,1,1,-1,0,-1,-1,1,0,-1,1,-1,-1,1,1,0,-1,1,0,-1,-1
1186,1,-1,1,1,1,-1,0,1,-1,1,1,1,-1,0,0,-1,1,1,0,1,1,1,1,-1,-1,1,-1,1,0,1,1
6865,1,-1,1,1,1,-1,-1,1,-1,1,1,1,1,0,0,1,1,1,1,1,1,1,1,-1,1,1,1,1,0,1,1
3748,1,1,-1,1,1,-1,0,-1,1,1,1,1,-1,-1,-1,-1,1,1,0,1,1,1,1,-1,-1,0,-1,1,1,1,-1
3001,1,-1,1,1,1,-1,1,1,-1,1,1,1,1,0,-1,-1,1,1,0,1,1,1,1,1,-1,0,-1,1,0,1,-1
1566,1,-1,1,1,1,-1,-1,-1,1,1,1,1,1,0,-1,-1,1,1,0,1,1,1,1,1,-1,1,-1,1,1,1,-1
4674,1,-1,1,1,1,-1,-1,-1,1,1,1,-1,-1,-1,0,-1,1,-1,0,1,1,1,1,-1,-1,-1,-1,1,1,-1,-1
9086,-1,-1,1,1,1,-1,1,-1,1,1,1,1,-1,-1,0,-1,1,1,0,1,1,1,1,-1,1,1,-1,-1,0,1,-1
6038,1,-1,1,1,1,-1,0,-1,-1,1,1,1,1,-1,-1,-1,1,1,0,1,1,1,1,-1,1,0,1,1,0,1,-1
1281,1,-1,1,1,1,-1,-1,-1,1,1,1,1,-1,0,0,-1,1,1,0,1,1,1,1,-1,-1,-1,1,1,1,1,-1
6483,-1,-1,1,1,1,-1,-1,1,-1,1,1,1,-1,0,1,1,1,1,0,1,1,1,1,-1,1,1,-1,1,1,1,1
3210,1,-1,1,1,1,-1,-1,1,-1,1,1,1,1,0,0,-1,-1,1,0,1,1,-1,-1,1,1,1,1,-1,0,1,1
1751,1,-1,1,1,1,-1,-1,-1,1,1,1,1,-1,-1,0,-1,1,1,0,1,1,1,1,-1,-1,-1,-1,-1,1,1,-1
5354,1,-1,1,1,1,-1,0,1,-1,1,1,1,-1,0,-1,-1,1,1,0,1,1,1,1,-1,1,0,-1,1,0,1,1
8661,1,-1,1,1,1,-1,-1,-1,1,1,1,1,-1,-1,1,-1,1,1,0,1,1,1,1,1,1,0,-1,1,0,1,-1
2150,1,-1,1,1,1,-1,-1,1,-1,1,1,1,1,0,0,-1,-1,1,0,1,1,-1,-1,1,1,1,1,-1,0,1,1
5434,-1,1,1,-1,1,-1,-1,1,-1,-1,1,1,1,0,0,-1,1,-1,0,1,-1,-1,-1,1,1,1,-1,1,1,1,1
6801,1,-1,1,-1,1,-1,1,1,-1,-1,-1,1,1,1,-1,-1,-1,1,1,-1,1,-1,1,-1,1,1,1,1,0,1,1
3913,1,-1,1,1,1,1,1,1,1,1,1,1,-1,1,0,-1,1,1,0,1,1,1,1,1,1,-1,-1,1,1,1,1
5960,1,-1,1,1,1,-1,1,1,-1,1,1,1,1,1,1,1,1,1,1,1,1,1,1,-1,1,1,-1,1,0,-1,1
3635,1,-1,1,1,1,-1,1,-1,-1,1,1,-1,-1,0,-1,-1,1,1,0,1,1,1,1,1,-1,0,-1,1,0,1,-1
3671,-1,-1,-1,1,-1,-1,0,1,1,1,1,-1,-1,1,0,-1,1,-1,1,1,1,1,1,-1,-1,1,-1,1,1,1,1
174,1,0,1,1,1,-1,-1,-1,-1,1,1,-1,1,0,-1,-1,-1,-1,0,1,1,1,1,1,-1,1,-1,1,0,-1,-1
9891,-1,-1,1,1,1,-1,-1,-1,1,1,1,1,-1,-1,-1,-1,1,1,0,1,1,1,1,1,1,1,-1,-1,0,1,-1
4622,1,1,1,1,1,-1,1,1,-1,-1,-1,1,1,1,0,1,-1,1,0,1,1,-1,1,1,-1,1,1,-1,1,-1,1
8518,-1,1,1,1,1,-1,1,0,-1,1,1,1,1,-1,0,-1,1,1,0,1,1,1,1,1,1,-1,1,-1,1,1,-1
10979,-1,-1,1,-1,1,-1,-1,-1,-1,-1,-1,1,1,-1,0,-1,-1,1,0,-1,1,-1,-1,1,1,0,-1,-1,0,1,-1
529,1,-1,1,1,1,-1,0,0,1,-1,-1,1,-1,-1,1,-1,-1,1,0,1,1,-1,1,1,1,-1,-1,1,0,-1,-1
6754,1,0,1,-1,1,-1,0,1,1,1,1,-1,-1,0,-1,0,-1,-1,0,1,1,1,1,-1,1,-1,-1,1,0,1,1
8996,-1,-1,1,1,1,-1,1,-1,-1,1,1,1,1,-1,-1,-1,1,1,0,1,1,1,1,1,1,0,-1,1,1,1,-1
6836,-1,-1,1,1,1,-1,-1,-1,-1,1,1,1,1,1,0,-1,1,1,1,1,1,1,1,-1,1,1,1,1,0,1,-1
3838,1,-1,1,1,1,-1,0,0,1,1,1,1,-1,-1,-1,-1,1,1,0,1,1,1,1,1,1,1,-1,1,1,1,-1
8414,-1,-1,1,1,1,-1,-1,-1,-1,1,1,1,-1,0,-1,1,1,1,0,1,1,1,1,1,1,1,-1,-1,1,1,-1
4743,1,1,1,1,1,-1,-1,1,-1,1,1,1,1,1,0,1,1,1,0,1,1,1,1,1,1,1,1,1,0,1,1
3158,1,-1,1,1,1,-1,0,0,-1,-1,-1,1,1,-1,-1,-1,-1,1,0,-1,-1,-1,-1,1,1,1,-1,1,1,-1,-1
9568,-1,-1,1,1,1,-1,1,-1,1,1,1,1,1,0,-1,-1,1,1,0,1,1,1,1,1,1,1,-1,1,1,1,-1
5188,1,-1,1,1,1,-1,-1,-1,-1,1,1,1,1,0,-1,-1,1,1,0,1,1,1,1,1,-1,0,-1,-1,0,1,-1
4657,1,-1,1,1,1,-1,-1,1,1,1,1,-1,-1,1,1,-1,1,1,0,1,1,1,1,1,-1,1,-1,1,1,1,1
8660,1,-1,1,1,1,-1,0,0,1,1,1,1,-1,1,1,-1,1,1,0,1,1,1,1,1,1,-1,-1,1,0,1,-1
10055,-1,-1,1,1,1,-1,1,0,-1,-1,-1,1,-1,-1,-1,-1,-1,1,0,1,1,-1,1,1,1,0,-1,1,1,1,-1
7891,1,-1,1,1,1,-1,-1,1,-1,1,1,1,1,0,-1,-1,1,1,0,1,1,1,1,-1,1,1,-1,1,0,1,1
10881,-1,1,1,1,1,-1,1,1,-1,1,1,1,1,1,1,-1,1,1,0,1,1,1,1,1,1,-1,1,1,1,1,1
1408,-1,-1,-1,1,-1,-1,0,0,-1,-1,1,-1,1,-1,1,-1,1,-1,0,-1,1,-1,1,1,-1,1,-1,1,0,-1,-1
10741,-1,-1,1,1,1,-1,0,-1,-1,1,1,1,1,0,0,-1,1,1,0,1,1,1,1,1,1,1,-1,1,1,1,-1
4147,1,-1,1,1,1,-1,1,1,-1,1,1,1,1,0,1,-1,1,1,0,1,1,1,1,1,-1,0,-1,1,1,1,1
10731,-1,-1,1,1,1,-1,-1,0,1,1,1,1,-1,-1,-1,-1,1,1,0,1,1,1,1,1,1,0,-1,1,1,1,-1
3484,1,-1,1,1,1,-1,1,1,-1,-1,-1,1,-1,0,1,-1,-1,1,0,1,1,-1,1,1,-1,1,1,1,1,1,1
3510,1,-1,1,-1,1,-1,-1,-1,1,1,1,1,-1,-1,-1,-1,1,1,0,1,1,1,1,1,1,-1,-1,1,0,1,-1
3414,1,-1,1,1,1,-1,-1,-1,-1,1,1,1,-1,0,-1,-1,1,1,0,1,1,1,1,-1,-1,1,-1,1,0,1,-1
3194,1,1,1,1,1,-1,0,-1,-1,1,1,1,1,-1,1,1,1,1,0,1,1,1,1,-1,-1,-1,-1,1,1,1,-1
8505,1,-1,1,-1,1,-1,0,1,-1,1,1,1,1,1,-1,1,1,1,0,1,1,1,1,1,1,1,-1,1,0,1,1
6695,-1,-1,1,1,1,-1,-1,-1,-1,1,1,-1,-1,1,0,0,1,1,0,1,1,1,1,-1,1,1,1,1,0,1,1
11009,-1,-1,1,1,1,-1,1,-1,-1,1,1,1,1,0,-1,-1,1,1,0,1,1,1,1,1,1,1,-1,1,0,1,-1
2783,1,-1,1,1,1,-1,-1,-1,-1,1,1,1,1,-1,-1,-1,1,1,0,1,1,1,1,-1,1,-1,-1,1,1,1,-1
227,1,-1,1,1,1,-1,0,-1,-1,1,1,1,1,1,0,-1,1,1,0,1,1,1,1,1,1,1,-1,1,0,1,1
6297,-1,-1,1,1,1,-1,1,1,1,1,1,1,-1,1,1,1,1,1,1,1,1,1,1,-1,1,1,-1,1,0,1,1
5406,-1,-1,1,1,1,-1,-1,1,1,-1,1,1,-1,1,0,1,1,1,1,1,1,-1,-1,-1,1,1,1,1,1,1,1
686,1,-1,1,1,1,-1,0,-1,1,1,1,1,-1,0,-1,-1,1,1,0,1,1,1,1,1,-1,1,-1,1,1,1,-1
8905,-1,-1,1,1,1,-1,0,1,-1,1,1,1,1,0,-1,-1,1,1,0,1,1,1,1,1,1,1,-1,-1,0,1,-1
5147,1,-1,1,1,1,-1,-1,1,1,1,1,1,-1,0,-1,-1,1,1,0,1,1,1,1,-1,1,1,-1,1,0,1,-1
9397,1,-1,1,1,1,-1,-1,1,1,1,1,1,-1,0,0,-1,1,1,0,1,1,1,1,1,1,1,-1,1,0,1,1
6852,-1,-1,1,1,1,-1,0,1,1,1,1,1,1,0,1,-1,1,1,0,1,1,1,1,-1,1,-1,-1,1,1,1,1
1915,1,-1,1,1,1,-1,1,1,-1,1,1,1,1,0,1,-1,1,1,0,1,1,1,1,1,-1,-1,1,1,-1,1,1
7392,1,-1,1,1,1,-1,0,-1,1,1,1,1,-1,-1,-1,-1,1,1,0,1,1,1,1,-1,1,0,1,1,0,1,-1
5273,-1,1,1,-1,1,1,1,1,-1,-1,-1,1,1,0,-1,-1,-1,1,0,-1,-1,-1,-1,1,1,1,-1,1,1,1,1
7205,1,-1,1,1,1,-1,0,1,1,1,1,1,-1,0,1,-1,1,1,0,1,1,1,1,-1,1,1,1,1,0,1,1
1146,1,-1,1,1,1,-1,1,1,1,1,1,1,-1,1,0,-1,1,1,0,1,1,1,1,1,1,1,1,1,0,1,1
1994,1,-1,1,1,1,-1,0,-1,-1,1,1,1,-1,0,0,-1,1,1,0,1,1,1,1,1,-1,1,-1,1,1,1,1
9120,-1,-1,-1,1,-1,-1,1,1,-1,1,1,-1,-1,0,-1,0,1,-1,1,1,1,1,1,1,-1,1,-1,1,1,1,1
10908,1,-1,1,1,1,-1,1,1,1,1,1,1,1,1,-1,-1,1,1,0,1,1,1,1,1,1,1,-1,1,0,1,1
5891,-1,-1,-1,-1,-1,1,1,1,-1,1,1,-1,1,1,1,-1,-1,-1,1,1,1,1,1,-1,-1,1,-1,1,0,1,1
8238,1,-1,1,-1,1,-1,-1,-1,-1,-1,-1,1,-1,-1,0,-1,-1,1,0,-1,-1,-1,-1,-1,1,0,1,1,0,1,-1
7368,1,-1,1,1,1,-1,0,-1,-1,1,1,1,-1,0,-1,-1,1,1,0,1,1,1,1,-1,1,1,1,1,0,1,-1
9479,-1,1,1,1,1,-1,0,-1,-1,1,1,1,1,-1,0,-1,1,1,0,1,1,1,1,-1,1,0,1,1,1,1,-1
10717,-1,-1,1,-1,1,-1,0,-1,1,-1,-1,1,-1,-1,0,-1,-1,1,0,-1,1,-1,-1,1,1,0,-1,1,1,1,-1
10237,-1,-1,-1,1,-1,-1,1,-1,-1,1,1,-1,1,-1,-1,-1,1,-1,1,1,1,1,1,1,-1,0,-1,1,1,1,-1
9871,1,-1,1,-1,1,-1,0,1,1,-1,-1,1,-1,0,-1,-1,-1,1,0,-1,1,-1,-1,1,1,0,-1,1,0,1,-1
2010,1,-1,1,1,1,-1,-1,1,-1,1,1,1,-1,0,-1,-1,1,1,0,1,1,1,1,-1,1,0,-1,1,0,1,-1
9834,-1,-1,1,-1,1,-1,-1,1,-1,1,1,-1,-1,1,0,-1,-1,-1,0,1,1,1,1,1,1,1,-1,1,0,1,1
2022,-1,-1,-1,1,-1,-1,-1,1,-1,1,1,-1,1,0,0,-1,1,-1,1,1,1,1,1,1,-1,1,-1,1,1,1,1
8339,-1,-1,1,1,1,-1,0,1,1,1,1,1,-1,-1,1,-1,1,1,0,1,1,1,1,1,1,1,-1,1,0,1,-1
10793,-1,-1,-1,1,-1,-1,1,1,-1,1,1,-1,1,0,0,-1,1,-1,1,1,1,1,1,1,-1,0,-1,1,1,1,1
1002,1,-1,1,1,1,-1,1,1,1,1,1,1,-1,1,1,-1,1,1,0,1,1,1,1,1,1,1,1,-1,0,1,1
4015,1,1,1,1,1,-1,0,1,1,1,1,1,-1,0,0,-1,-1,-1,0,1,1,1,1,-1,1,1,1,1,-1,-1,1
1060,1,-1,1,1,1,-1,0,0,1,-1,-1,1,-1,-1,-1,-1,-1,1,0,-1,-1,-1,-1,1,-1,1,-1,-1,1,-1,-1
9660,1,-1,1,1,1,-1,1,1,-1,1,1,1,1,0,0,0,1,1,0,1,1,1,1,1,1,1,-1,1,0,1,1
1750,1,-1,1,1,1,-1,-1,1,-1,1,1,1,1,0,-1,-1,1,1,0,1,1,1,1,-1,1,0,-1,1,0,1,1
6544,-1,-1,1,1,1,-1,1,1,1,1,1,1,-1,1,-1,-1,1,1,0,1,1,1,1,-1,1,-1,-1,1,1,1,1
10395,1,-1,1,1,1,-1,1,1,-1,1,1,1,1,0,1,1,1,1,0,1,1,1,1,-1,1,0,-1,1,0,1,1
3503,1,-1,1,1,1,-1,-1,-1,1,1,1,1,-1,-1,0,-1,1,1,0,1,1,1,1,-1,1,0,-1,1,0,1,-1
6124,1,-1,1,1,1,-1,-1,1,-1,1,1,1,-1,0,-1,1,1,1,0,1,1,1,1,-1,1,1,-1,1,0,1,1
1741,1,-1,1,1,1,-1,0,-1,1,1,1,1,-1,-1,0,-1,1,1,0,1,1,1,1,-1,1,0,-1,1,0,1,-1
5388,-1,1,-1,1,-1,-1,1,0,-1,1,1,-1,1,-1,0,-1,1,1,0,1,1,1,1,1,-1,1,1,1,-1,1,-1
4156,1,-1,1,1,1,-1,1,1,1,-1,1,1,-1,1,-1,-1,1,1,0,1,1,-1,1,1,-1,1,-1,1,1,1,1
4950,1,-1,1,1,1,-1,0,0,-1,1,1,1,-1,-1,-1,-1,1,1,0,1,1,1,1,1,-1,-1,-1,1,1,1,-1
9902,-1,-1,-1,1,-1,-1,1,1,-1,1,1,-1,1,0,0,1,1,-1,1,1,1,1,1,-1,-1,-1,-1,1,1,1,1
8689,-1,-1,-1,1,-1,-1,1,-1,-1,1,1,-1,1,1,0,-1,1,-1,1,1,1,1,1,1,-1,0,-1,1,1,1,1
6186,-1,-1,-1,-1,-1,-1,0,1,-1,1,1,-1,1,0,-1,1,-1,-1,0,1,1,1,1,-1,-1,1,1,1,-1,1,1
2133,1,-1,1,1,1,-1,-1,-1,-1,1,1,1,1,-1,0,-1,1,1,0,1,1,1,1,-1,1,-1,-1,1,-1,1,-1
6551,-1,-1,1,1,1,1,1,1,-1,1,1,1,1,0,0,-1,1,1,0,1,1,1,1,-1,1,1,-1,1,1,1,1
10225,1,-1,1,1,1,-1,1,-1,-1,1,1,1,-1,0,0,-1,1,1,0,1,1,1,1,-1,1,1,-1,1,0,1,-1
5812,1,-1,1,-1,1,-1,1,0,1,1,1,1,-1,-1,-1,-1,1,1,1,1,1,1,1,-1,1,1,-1,1,0,1,-1
5056,-1,-1,-1,1,-1,-1,0,0,1,-1,-1,-1,-1,-1,1,-1,-1,-1,1,-1,-1,-1,-1,1,-1,0,-1,1,1,-1,-1
5551,1,-1,1,1,1,-1,-1,1,-1,1,1,1,1,0,1,1,1,1,0,1,1,1,1,-1,1,1,1,1,1,1,1
9737,-1,-1,1,1,1,-1,0,1,-1,-1,1,1,1,0,0,-1,1,1,0,1,1,-1,1,1,1,0,-1,1,0,1,-1
7377,-1,-1,1,1,1,-1,0,-1,1,1,1,1,1,0,0,-1,1,1,0,1,1,1,1,-1,1,1,-1,1,1,1,-1
9356,1,-1,1,1,1,-1,-1,0,1,1,1,1,-1,-1,-1,-1,1,1,0,1,1,1,1,1,1,0,-1,-1,0,1,-1
6333,-1,1,1,1,1,-1,0,-1,-1,1,1,1,1,-1,1,-1,1,1,0,1,1,1,1,1,1,-1,-1,1,1,1,-1
8010,1,-1,1,1,1,-1,0,-1,-1,1,1,1,1,-1,0,-1,1,1,0,1,1,1,1,-1,1,1,-1,1,0,1,-1
7899,1,-1,1,1,1,-1,1,1,-1,1,1,1,1,0,1,-1,1,1,0,1,1,1,1,1,1,1,-1,1,0,1,1
4252,-1,-1,-1,1,-1,-1,-1,-1,-1,-1,-1,-1,-1,-1,1,-1,-1,-1,1,1,1,-1,1,-1,-1,0,-1,1,1,-1,-1
10625,-1,-1,1,1,1,-1,1,1,-1,1,1,1,1,0,1,0,1,1,0,1,1,1,1,-1,1,0,-1,1,1,1,1
4967,1,-1,1,1,1,-1,0,-1,1,-1,-1,1,-1,-1,0,-1,-1,1,0,-1,1,-1,-1,1,-1,0,-1,1,1,-1,-1
6457,-1,-1,1,1,1,-1,1,1,-1,-1,-1,1,-1,0,1,1,-1,1,0,1,1,-1,1,-1,1,1,1,1,1,1,1
1682,1,-1,1,1,1,-1,-1,1,-1,-1,-1,1,1,-1,1,-1,-1,1,0,-1,1,-1,-1,1,-1,1,-1,1,1,-1,1
1671,1,-1,1,1,1,-1,-1,-1,-1,-1,-1,1,1,0,-1,-1,-1,1,0,1,1,-1,1,-1,-1,0,-1,-1,0,-1,-1
7616,-1,-1,-1,1,-1,-1,0,-1,-1,1,1,-1,1,1,0,-1,1,-1,0,1,1,1,1,-1,-1,1,-1,-1,1,1,1
2272,1,-1,1,1,1,-1,-1,-1,-1,-1,-1,1,1,1,-1,-1,-1,1,0,-1,-1,-1,-1,-1,-1,1,-1,1,1,-1,-1
9553,1,-1,1,1,1,-1,0,-1,-1,1,1,1,1,0,-1,1,1,1,0,1,1,1,1,1,1,1,-1,1,0,1,-1
2684,1,-1,1,-1,1,-1,-1,1,1,1,1,1,1,0,-1,-1,1,1,0,1,1,1,1,1,-1,0,-1,-1,1,-1,-1
2626,1,-1,1,1,1,-1,-1,1,-1,1,1,1,1,0,0,-1,1,1,0,1,1,1,1,1,1,1,-1,1,0,1,1
8376,-1,-1,1,1,1,-1,0,-1,1,1,1,1,-1,1,-1,-1,1,1,0,1,1,1,1,1,1,1,-1,1,0,1,-1
2938,1,-1,1,1,1,-1,0,0,1,1,1,1,-1,-1,-1,-1,1,1,0,1,1,1,1,1,1,-1,-1,1,0,1,-1
10101,1,-1,1,-1,1,-1,1,1,-1,-1,-1,1,1,0,-1,1,-1,1,0,-1,1,-1,-1,1,1,1,-1,1,1,1,1
7454,1,-1,1,1,1,-1,0,-1,1,1,1,1,1,-1,0,-1,1,1,0,1,1,1,1,-1,1,-1,-1,1,0,1,-1
7912,-1,1,1,1,1,-1,1,1,-1,-1,-1,1,1,0,1,0,-1,1,0,1,1,-1,-1,1,1,1,-1,1,1,1,1
4627,1,-1,1,1,1,-1,-1,-1,-1,1,1,-1,1,-1,-1,-1,-1,1,0,1,1,1,1,-1,-1,1,-1,1,0,1,-1
9706,1,-1,1,1,1,-1,-1,1,1,1,1,1,-1,0,0,0,1,1,0,1,1,1,1,-1,1,-1,-1,1,0,-1,1
8269,-1,-1,1,1,1,-1,1,1,-1,1,1,1,1,1,-1,-1,1,1,0,1,1,1,1,1,1,-1,-1,1,1,1,1
4758,-1,1,-1,1,-1,-1,0,-1,-1,-1,-1,-1,1,-1,1,1,-1,-1,1,-1,-1,-1,-1,-1,-1,1,-1,1,1,-1,-1
1957,1,1,1,1,1,-1,0,0,-1,1,1,1,1,-1,0,1,1,1,0,1,1,1,1,1,-1,0,-1,1,0,1,-1
3180,1,1,1,-1,1,-1,0,-1,-1,1,1,1,1,-1,0,1,1,1,0,1,1,1,1,-1,-1,-1,-1,1,0,1,-1
4917,1,-1,1,1,1,-1,0,0,1,1,1,1,-1,-1,-1,-1,1,1,0,1,1,1,1,1,-1,-1,-1,1,1,1,-1
5620,-1,-1,-1,-1,-1,1,1,1,-1,1,1,1,-1,0,0,-1,1,-1,0,1,1,1,1,-1,-1,1,-1,1,0,1,1
4947,1,-1,1,1,-1,-1,-1,-1,1,1,1,1,-1,-1,-1,-1,1,1,0,1,1,1,1,-1,-1,-1,1,1,-1,1,-1
5525,-1,-1,1,1,1,-1,0,-1,-1,1,1,1,-1,-1,0,-1,1,1,1,1,1,1,1,-1,1,-1,1,1,1,1,-1
4941,1,-1,1,1,1,-1,-1,1,1,1,1,1,-1,0,0,-1,1,1,0,1,1,1,1,1,1,1,-1,1,0,-1,1
3565,-1,-1,-1,1,-1,-1,1,1,-1,1,1,-1,1,0,-1,-1,-1,-1,0,1,1,1,1,1,-1,1,1,1,-1,-1,1
4255,1,-1,1,1,1,-1,1,1,-1,1,1,1,1,0,0,-1,1,1,0,1,1,1,1,-1,-1,0,-1,-1,1,1,1
3519,1,1,1,1,1,1,0,1,-1,1,1,1,1,1,-1,1,1,1,0,1,1,1,1,-1,-1,1,1,1,1,1,1
2055,1,-1,1,1,1,1,-1,1,-1,1,1,1,1,1,0,-1,1,1,0,1,1,1,1,1,1,1,-1,1,0,1,1
9565,-1,1,1,1,1,-1,-1,-1,-1,1,1,1,1,-1,-1,-1,1,1,0,1,1,1,1,1,1,1,1,1,1,1,-1
4194,1,-1,1,1,1,-1,0,-1,1,1,1,1,1,-1,-1,-1,1,1,0,1,1,1,1,-1,-1,0,-1,-1,0,1,-1
4413,1,1,1,1,1,-1,0,1,-1,1,1,1,1,0,1,1,1,1,0,1,1,1,1,-1,1,1,-1,1,0,1,1
507,1,1,1,1,1,-1,0,1,-1,1,1,1,1,1,1,1,1,1,0,1,1,1,1,-1,1,1,1,-1,0,1,1
9710,-1,-1,1,1,1,-1,-1,0,1,1,1,1,-1,-1,0,-1,1,1,0,1,1,1,1,1,1,0,-1,1,0,1,-1
9960,-1,-1,1,1,1,-1,1,-1,1,1,1,1,-1,0,-1,-1,1,1,0,1,1,1,1,1,1,-1,-1,1,1,1,1
9599,-1,-1,1,1,1,-1,0,-1,1,1,1,1,-1,0,-1,-1,1,1,0,1,1,1,1,1,1,1,-1,1,1,1,-1
2649,1,-1,1,1,1,-1,-1,1,1,1,1,1,-1,0,-1,-1,1,1,0,1,1,1,1,1,1,1,-1,1,0,1,1
2826,1,-1,1,1,1,-1,1,-1,-1,1,1,1,1,-1,1,-1,1,1,0,1,1,1,1,1,1,0,-1,1,0,1,-1
6844,1,-1,1,1,1,-1,1,1,-1,1,1,1,1,1,1,-1,1,1,0,1,1,1,1,-1,1,1,-1,1,0,-1,1
1844,-1,-1,-1,1,-1,-1,1,1,1,1,1,-1,1,0,1,-1,1,-1,1,1,1,1,1,1,-1,1,-1,1,1,1,1
11007,-1,1,1,1,1,-1,1,1,-1,1,1,1,1,0,0,1,1,1,0,1,1,1,1,1,1,-1,1,1,0,1,1
5837,1,-1,1,1,1,-1,0,1,-1,1,1,-1,1,0,1,-1,1,1,0,1,1,1,1,-1,1,1,1,1,0,1,1
3065,1,1,1,1,1,1,1,1,-1,-1,-1,1,1,1,1,1,-1,1,0,-1,1,-1,-1,1,-1,1,1,1,1,-1,1
10344,-1,1,-1,-1,-1,1,1,-1,-1,1,1,-1,1,1,1,-1,1,-1,1,1,1,1,1,1,-1,0,1,1,1,1,1
1167,1,-1,1,1,1,-1,0,-1,1,-1,-1,-1,-1,-1,0,-1,-1,-1,0,-1,1,-1,1,-1,-1,0,-1,1,0,-1,-1
2084,1,-1,1,1,1,1,1,1,-1,1,1,1,1,1,1,-1,1,1,0,1,1,1,1,1,1,1,-1,-1,0,1,1
3675,1,-1,1,1,1,-1,1,-1,1,1,1,1,1,0,-1,-1,1,1,0,1,1,1,1,-1,-1,0,-1,1,1,1,-1
3837,1,-1,1,1,1,-1,-1,1,-1,1,1,1,1,0,0,-1,1,1,0,1,1,1,1,1,1,1,1,1,0,1,1
5201,1,-1,1,1,1,-1,-1,-1,-1,-1,-1,1,-1,-1,0,-1,-1,1,0,1,1,-1,1,-1,-1,0,-1,1,1,-1,-1
4547,1,-1,1,1,1,-1,-1,1,-1,1,1,1,-1,0,0,-1,1,1,0,1,1,1,1,-1,1,0,-1,1,0,1,-1
1920,1,-1,1,1,1,-1,0,1,1,1,1,-1,-1,0,-1,-1,1,-1,0,1,1,1,1,-1,-1,0,-1,1,1,-1,-1
10017,1,-1,1,1,1,-1,1,1,1,1,1,1,-1,0,0,1,1,1,0,1,1,1,1,1,1,1,-1,-1,0,1,1
3399,1,1,1,1,1,-1,-1,1,-1,1,1,1,1,0,1,1,1,1,0,1,1,1,1,1,-1,0,-1,-1,1,1,-1
8770,1,1,1,-1,1,-1,1,1,-1,-1,-1,1,1,0,0,1,-1,1,0,1,1,1,1,-1,1,-1,1,1,0,1,1
9646,1,-1,1,1,1,-1,1,1,1,1,1,1,-1,1,1,-1,1,1,0,1,1,1,1,1,1,1,-1,1,0,1,1
4886,1,1,1,1,1,-1,1,1,-1,1,1,1,1,0,-1,1,-1,1,0,1,1,1,1,1,-1,0,-1,1,0,1,1
6357,-1,-1,1,1,1,-1,1,0,1,1,1,1,-1,-1,-1,-1,1,1,0,1,1,1,1,-1,1,-1,-1,1,1,1,-1
10492,1,1,1,1,1,-1,-1,-1,-1,1,1,1,-1,-1,0,-1,1,1,0,1,1,1,1,1,1,1,1,1,0,1,-1
1673,1,-1,1,1,1,-1,-1,1,1,1,1,1,-1,0,0,-1,1,1,0,1,1,1,1,1,1,1,-1,1,0,1,1
3651,1,-1,1,1,1,-1,-1,1,-1,1,1,1,1,0,0,-1,1,1,0,1,1,1,1,-1,-1,1,1,1,1,1,1
4654,-1,-1,-1,1,-1,-1,0,-1,-1,-1,-1,-1,1,-1,1,-1,-1,-1,1,-1,-1,-1,-1,1,-1,-1,-1,-1,1,-1,-1
650,1,-1,1,1,1,-1,0,1,-1,1,1,1,-1,0,0,-1,1,1,0,1,1,1,1,-1,1,1,1,1,0,1,1
9612,-1,-1,1,1,1,-1,-1,-1,1,1,1,1,-1,-1,-1,-1,1,1,0,1,1,1,1,1,1,1,-1,1,1,1,-1
1755,-1,-1,-1,1,-1,-1,0,1,1,1,1,-1,-1,1,1,-1,1,-1,1,1,1,1,1,1,-1,1,-1,1,1,1,1
343,1,1,-1,1,1,1,-1,1,-1,1,1,-1,1,0,1,1,1,1,0,1,1,1,1,1,-1,1,-1,1,-1,1,1
6127,-1,-1,-1,1,-1,-1,0,0,1,1,1,-1,-1,-1,1,-1,1,1,0,-1,1,-1,1,-1,-1,-1,-1,-1,0,1,-1
9340,-1,-1,1,1,1,-1,0,1,-1,1,1,1,1,0,-1,-1,1,1,0,1,1,1,1,1,1,1,-1,1,-1,1,-1
625,1,-1,1,1,1,-1,-1,1,-1,1,1,1,1,1,0,-1,1,1,0,1,1,1,1,-1,1,1,1,-1,0,1,1
8182,-1,-1,1,1,1,-1,0,-1,1,-1,1,1,-1,-1,1,-1,1,1,0,-1,1,-1,1,-1,1,-1,1,1,1,1,-1
1572,1,-1,1,1,1,-1,0,0,1,1,1,1,-1,-1,0,-1,1,1,0,1,1,1,1,1,1,-1,-1,1,0,1,-1
2650,-1,-1,-1,-1,-1,-1,1,-1,-1,-1,1,-1,-1,-1,1,-1,-1,-1,1,-1,1,-1,1,-1,-1,0,-1,1,0,-1,-1
5823,-1,-1,1,1,1,1,-1,1,-1,1,1,1,1,0,0,-1,1,1,0,1,1,1,1,-1,1,1,-1,1,-1,1,1
4159,-1,0,-1,1,-1,-1,1,1,-1,1,1,-1,1,0,0,-1,-1,-1,0,1,1,1,1,1,1,1,-1,1,-1,-1,1
2714,1,-1,1,1,1,-1,0,1,-1,1,1,1,1,0,0,1,1,1,0,1,1,1,1,-1,1,1,1,1,0,1,1
7240,1,-1,1,1,1,-1,1,1,-1,1,1,1,-1,0,0,0,1,1,0,1,1,1,1,-1,1,1,1,1,0,1,1
348,1,-1,1,1,-1,-1,1,-1,1,1,1,-1,-1,0,-1,-1,1,1,1,1,1,1,1,-1,-1,1,-1,1,1,1,-1
1028,1,-1,1,1,1,-1,0,1,-1,1,1,1,1,1,-1,-1,1,1,0,1,1,1,1,-1,1,0,-1,1,0,1,1
1098,1,-1,1,1,1,-1,1,1,-1,1,1,1,1,0,0,-1,1,1,0,1,1,1,1,-1,-1,0,-1,-1,1,1,1
1074,1,-1,1,1,1,-1,-1,-1,1,1,1,1,-1,0,-1,-1,1,1,0,1,1,1,1,-1,1,1,-1,1,0,1,-1
5898,1,1,1,1,1,-1,-1,1,-1,1,1,1,1,0,1,1,1,1,0,1,1,1,1,1,1,1,-1,1,0,-1,1
6955,-1,-1,-1,-1,-1,-1,0,-1,-1,-1,-1,-1,1,-1,1,-1,-1,-1,0,-1,-1,-1,-1,-1,-1,1,-1,-1,1,1,-1
8056,-1,1,1,-1,-1,-1,0,-1,-1,-1,-1,1,1,-1,-1,0,-1,-1,0,-1,1,-1,1,1,1,1,1,-1,-1,1,-1
8391,1,-1,1,-1,1,-1,1,1,-1,1,1,1,1,0,0,-1,1,-1,0,1,1,1,1,1,1,1,-1,1,0,1,1
4340,1,-1,1,1,1,-1,-1,1,-1,-1,-1,1,1,0,0,-1,-1,1,0,-1,1,-1,-1,1,-1,1,-1,1,1,-1,1
8982,-1,1,1,-1,1,-1,-1,1,1,1,1,-1,-1,0,-1,1,-1,-1,0,1,1,1,1,1,1,-1,-1,1,-1,1,1
4871,-1,-1,-1,1,1,-1,0,-1,1,1,1,1,-1,-1,-1,-1,1,1,0,1,1,1,1,-1,1,0,1,1,1,-1,-1
6651,-1,1,-1,1,-1,1,1,1,-1,1,1,-1,1,0,0,-1,1,-1,0,1,1,1,1,1,-1,1,1,-1,1,1,1
7763,1,-1,1,1,1,-1,1,1,-1,1,1,1,1,0,-1,-1,1,1,0,1,1,1,1,-1,1,0,1,1,0,1,1
3481,1,1,1,1,1,-1,-1,-1,1,1,1,1,-1,-1,0,1,1,1,0,1,1,1,1,-1,-1,0,-1,1,1,1,-1
4741,1,-1,1,1,1,-1,1,1,-1,1,1,1,1,1,0,-1,1,1,0,1,1,1,1,1,1,1,1,1,0,1,1
1194,1,1,1,-1,1,-1,-1,-1,-1,1,1,1,-1,-1,0,1,1,1,0,1,1,1,1,-1,1,-1,-1,1,0,1,-1
10258,-1,1,-1,1,-1,-1,-1,0,1,1,1,-1,-1,-1,1,-1,1,1,0,-1,1,-1,1,1,-1,0,-1,-1,0,1,-1
7953,1,1,1,1,1,-1,1,1,1,-1,1,1,-1,0,0,-1,1,1,0,-1,1,-1,1,1,1,1,1,1,0,1,1
4064,1,-1,1,1,1,-1,0,1,1,1,1,1,-1,0,0,-1,1,1,0,1,1,1,1,1,1,1,-1,1,1,1,1
6342,-1,-1,1,1,1,-1,1,0,-1,1,1,1,1,-1,-1,0,1,1,0,1,1,1,1,-1,1,0,-1,1,0,1,-1
1931,1,-1,1,1,1,-1,-1,-1,1,1,1,1,1,-1,0,-1,1,1,0,1,1,1,1,-1,-1,-1,-1,1,0,1,-1
6691,1,-1,1,1,1,-1,1,1,1,1,1,1,1,0,0,1,1,1,0,1,1,1,1,-1,1,-1,-1,1,0,1,1
6290,1,-1,1,1,1,-1,1,0,-1,1,1,1,1,0,-1,-1,1,1,0,1,1,1,1,-1,1,1,1,1,0,1,1
1854,1,-1,1,1,1,-1,0,0,1,1,1,1,1,-1,0,-1,1,1,0,1,1,1,1,1,1,-1,-1,1,0,1,-1
10145,-1,-1,-1,1,1,1,1,1,-1,1,1,-1,1,0,-1,-1,1,1,0,1,1,1,1,1,-1,1,-1,1,-1,1,1
5568,1,-1,1,-1,1,-1,1,-1,-1,1,1,1,1,0,0,-1,1,1,0,1,1,1,1,-1,1,0,1,1,0,1,1
4220,-1,-1,-1,1,-1,-1,-1,-1,-1,-1,1,-1,1,-1,1,-1,1,-1,1,-1,1,-1,1,-1,-1,0,-1,-1,1,-1,-1
6570,1,-1,1,1,1,1,0,1,-1,1,1,1,1,0,0,1,1,1,0,1,1,1,1,-1,1,1,-1,1,0,1,1
6922,1,-1,1,1,1,1,1,1,-1,1,1,1,1,1,1,1,1,1,0,1,1,1,1,-1,1,1,1,1,0,-1,1
8801,1,-1,1,1,1,-1,1,1,-1,1,1,1,1,0,1,0,1,1,0,1,1,1,1,-1,1,0,-1,1,0,1,1
9571,-1,1,1,-1,1,-1,-1,-1,-1,-1,-1,1,1,-1,0,-1,-1,1,0,1,1,-1,1,1,1,1,1,1,1,1,-1
10935,1,-1,1,1,1,-1,1,-1,-1,1,1,1,1,0,1,-1,1,1,0,1,1,1,1,1,1,0,-1,1,0,1,1
3301,1,1,1,1,1,-1,0,-1,-1,-1,1,1,1,0,0,1,-1,1,0,-1,1,-1,1,-1,1,1,-1,1,0,1,1
9422,1,-1,1,1,1,-1,1,1,-1,1,1,1,-1,0,0,1,1,1,0,1,1,1,1,1,1,1,-1,1,0,1,1
10812,-1,0,1,1,1,-1,0,1,-1,-1,1,-1,-1,-1,0,-1,1,1,0,-1,1,-1,-1,1,1,0,-1,1,0,-1,-1
3456,1,-1,1,1,1,1,-1,1,-1,1,1,1,1,0,0,-1,1,1,0,1,1,1,1,1,1,1,-1,1,0,1,1
2666,1,-1,1,1,1,1,1,1,-1,1,1,1,1,1,-1,-1,1,1,0,1,1,-1,1,1,1,1,-1,1,0,1,1
7228,-1,1,1,1,1,-1,1,1,-1,-1,1,1,1,0,0,-1,1,1,0,-1,1,-1,-1,1,1,0,1,1,0,1,1
5450,-1,-1,1,-1,1,1,0,1,-1,1,1,1,-1,1,0,-1,1,1,1,1,1,1,1,-1,1,1,1,1,1,1,1
1965,1,-1,1,1,1,-1,-1,1,-1,1,1,1,1,1,0,-1,1,1,0,1,1,1,1,1,-1,1,-1,1,1,1,1
2510,-1,-1,-1,1,-1,-1,0,-1,-1,-1,-1,-1,1,-1,1,-1,-1,-1,1,-1,-1,-1,-1,1,-1,-1,-1,1,1,-1,-1
6226,1,1,1,1,1,-1,0,1,-1,1,1,1,1,0,1,-1,1,1,0,1,1,1,1,1,1,1,-1,1,0,1,1
10593,1,-1,1,1,1,-1,1,1,-1,1,1,1,1,0,0,0,1,1,0,1,1,1,1,1,1,1,-1,1,0,1,1
1548,1,-1,1,1,1,-1,-1,-1,-1,1,1,1,1,-1,0,-1,1,1,0,1,1,1,1,-1,-1,0,-1,1,1,1,-1
10996,1,1,1,1,1,-1,1,1,-1,1,1,1,1,0,1,-1,1,1,0,1,1,1,1,1,1,-1,1,1,0,1,1
3064,1,-1,1,1,1,-1,-1,1,-1,1,1,1,1,0,1,-1,1,1,0,1,1,1,1,-1,1,0,-1,1,0,1,-1
3717,1,-1,1,1,1,-1,0,-1,-1,1,1,1,1,0,1,-1,1,1,0,1,1,1,1,-1,1,1,-1,1,0,1,1
9123,-1,-1,1,1,1,-1,1,1,-1,-1,-1,1,1,0,0,-1,-1,1,0,1,1,-1,1,1,1,-1,-1,1,0,1,1
8861,-1,-1,1,1,1,-1,-1,1,1,1,1,1,-1,1,0,1,1,1,0,1,1,1,1,1,1,0,-1,1,1,1,1
6564,-1,-1,1,1,1,-1,1,0,1,1,1,1,-1,-1,1,1,1,1,0,1,1,1,1,-1,1,-1,-1,1,1,1,-1
9347,-1,-1,1,1,1,-1,0,-1,1,1,1,1,1,-1,-1,-1,1,1,0,1,1,1,1,1,1,0,-1,1,0,1,-1
753,1,1,1,1,1,-1,-1,-1,-1,1,1,1,1,-1,-1,1,1,1,0,1,1,1,1,-1,-1,0,-1,1,0,1,-1
8953,-1,-1,1,1,1,1,1,1,1,1,1,1,-1,1,-1,1,1,1,0,1,1,1,1,-1,1,0,-1,1,1,1,1
10638,1,-1,1,1,1,-1,1,1,1,1,1,1,-1,0,0,0,1,1,0,1,1,1,1,1,1,-1,-1,-1,0,1,1
7981,1,-1,1,1,1,-1,1,1,1,1,1,1,1,1,0,1,1,1,1,1,1,1,1,-1,1,1,-1,1,0,1,1
2155,1,-1,1,-1,1,-1,1,1,1,1,1,1,-1,0,0,-1,1,1,0,1,1,1,1,1,1,-1,1,1,0,1,1
9543,1,-1,1,1,1,-1,1,1,-1,1,1,1,-1,1,1,-1,1,1,0,1,1,1,1,1,1,-1,-1,1,0,1,1
6500,-1,-1,1,1,1,-1,0,-1,-1,1,1,1,1,-1,-1,-1,1,1,0,1,1,1,1,-1,1,1,-1,1,0,1,-1
8055,-1,-1,1,-1,1,-1,1,-1,1,-1,-1,1,-1,-1,0,-1,-1,1,1,-1,1,-1,-1,-1,1,0,-1,1,1,1,-1
1963,1,-1,1,1,1,-1,-1,1,1,1,1,1,-1,1,-1,-1,1,1,0,1,1,1,1,1,1,-1,-1,1,0,1,1
10924,1,-1,1,1,1,-1,1,1,-1,1,1,1,1,0,0,-1,1,1,0,1,1,1,1,1,1,-1,-1,1,0,1,1
5254,-1,-1,1,-1,1,-1,1,1,-1,-1,-1,1,1,0,-1,1,-1,1,0,1,-1,-1,-1,1,1,1,-1,1,1,1,1
3354,1,-1,1,1,1,-1,-1,1,-1,-1,-1,1,1,0,0,-1,-1,1,0,1,1,-1,1,1,-1,1,-1,1,0,1,1
1557,1,1,1,1,1,-1,-1,-1,1,1,1,1,1,0,0,1,1,1,0,1,1,1,1,1,-1,1,-1,-1,1,1,-1
1850,1,-1,1,1,1,-1,-1,1,1,1,1,1,-1,0,0,-1,1,1,0,1,1,1,1,1,1,1,-1,1,0,1,1
2963,1,-1,1,-1,1,-1,1,1,-1,1,1,1,1,1,1,-1,1,1,0,1,1,1,1,1,1,1,-1,1,0,1,1
5166,1,1,1,-1,1,-1,1,-1,1,1,-1,1,-1,-1,-1,-1,1,1,0,1,1,1,-1,-1,1,-1,1,1,0,1,-1
8774,1,-1,1,1,1,-1,1,1,-1,1,1,1,-1,0,1,1,1,1,0,1,1,1,1,1,1,1,-1,1,0,1,1
8479,-1,-1,-1,-1,-1,-1,-1,1,1,-1,-1,-1,-1,-1,1,-1,-1,-1,0,-1,-1,-1,-1,1,-1,-1,-1,1,1,1,-1
3618,1,-1,1,1,1,-1,-1,-1,-1,1,1,1,1,0,0,-1,1,1,0,1,1,1,1,1,-1,0,-1,1,1,1,-1
5242,-1,-1,1,1,1,-1,0,1,1,-1,1,1,-1,0,-1,0,-1,1,0,-1,1,-1,1,-1,1,1,-1,1,1,1,1
2125,1,-1,1,1,1,-1,-1,-1,1,1,1,1,-1,-1,0,-1,1,1,0,1,1,1,1,-1,-1,0,-1,1,1,1,-1
8957,-1,-1,1,1,1,-1,-1,-1,1,1,1,1,-1,-1,1,-1,1,1,0,1,1,1,1,1,1,0,-1,1,1,1,-1
62,1,-1,1,1,1,-1,1,1,-1,1,1,1,1,1,1,-1,1,1,0,1,1,1,1,1,1,1,-1,1,0,1,1
751,1,-1,1,1,1,-1,-1,1,-1,1,1,1,1,0,-1,-1,1,1,0,1,1,1,1,1,1,0,-1,-1,0,1,1
10970,-1,1,1,1,1,-1,0,0,1,1,1,1,-1,-1,0,-1,1,1,0,1,1,1,1,1,1,0,1,1,0,1,-1
7374,1,-1,1,1,1,-1,0,1,1,1,1,1,1,0,1,1,1,1,0,1,1,1,1,-1,1,1,-1,1,0,-1,1
8001,-1,1,-1,-1,-1,-1,0,1,-1,-1,-1,1,-1,-1,-1,-1,-1,1,0,1,1,1,1,1,1,1,-1,1,-1,1,-1
5272,-1,-1,-1,-1,-1,-1,0,-1,-1,-1,-1,1,-1,-1,1,-1,-1,-1,1,1,1,-1,1,-1,-1,-1,1,1,1,-1,-1
9554,1,-1,1,-1,1,1,1,1,-1,-1,-1,1,-1,1,-1,-1,-1,1,0,1,1,-1,1,1,1,-1,-1,1,0,1,1
1126,1,-1,1,1,1,-1,-1,1,-1,1,1,1,1,0,0,-1,1,1,0,1,1,1,1,1,1,1,1,1,0,1,1
6249,-1,-1,-1,-1,-1,-1,-1,1,-1,1,1,-1,1,1,0,-1,-1,-1,0,1,1,1,1,-1,-1,1,-1,-1,-1,1,1
1990,1,-1,1,1,1,-1,-1,-1,1,1,1,1,1,0,-1,-1,1,1,0,1,1,1,1,-1,-1,0,-1,1,0,1,-1
5208,1,1,1,1,1,-1,1,0,-1,1,1,1,1,0,0,-1,1,1,0,1,1,1,1,1,1,1,-1,1,-1,-1,1
9309,1,-1,1,1,1,1,1,1,-1,1,1,1,1,0,0,1,1,1,0,1,1,1,1,1,1,1,-1,1,0,1,1
732,1,1,1,1,1,1,-1,1,-1,-1,-1,1,1,0,-1,1,-1,1,0,-1,-1,-1,-1,1,-1,1,-1,1,1,-1,1
8641,1,-1,1,1,1,-1,1,1,-1,1,1,1,1,0,-1,0,1,1,0,1,1,1,1,1,1,1,-1,1,0,1,1
8502,-1,-1,1,1,1,-1,1,1,-1,1,1,1,-1,0,-1,1,1,1,0,1,1,1,1,-1,1,0,-1,1,1,1,1
2958,1,-1,1,-1,1,-1,0,0,1,1,1,1,-1,-1,-1,-1,1,1,0,1,1,1,1,1,1,-1,-1,1,0,1,-1
3280,1,-1,1,1,1,-1,1,1,-1,1,1,1,1,1,1,-1,1,1,0,1,1,1,1,1,1,1,-1,1,0,1,1
10566,-1,-1,-1,1,-1,-1,1,-1,-1,1,1,-1,1,0,0,1,1,-1,1,1,1,1,1,1,-1,1,-1,1,1,1,1
10836,-1,1,-1,-1,-1,-1,1,-1,-1,-1,1,-1,1,-1,1,-1,1,-1,0,-1,1,-1,1,1,-1,0,1,1,1,1,-1
94,1,1,1,1,1,-1,1,1,-1,-1,1,1,1,0,-1,1,1,1,0,1,1,-1,1,1,1,1,-1,1,1,1,1
8035,-1,-1,1,1,1,-1,1,1,1,1,1,1,-1,0,0,0,1,1,0,1,1,1,1,-1,1,1,1,1,0,1,1
4289,1,-1,1,1,1,-1,-1,1,1,1,1,1,1,1,0,-1,1,1,0,1,1,1,1,1,1,1,-1,1,0,1,1
5346,-1,-1,1,1,1,-1,0,0,-1,1,1,1,-1,-1,-1,-1,1,-1,1,1,1,1,1,-1,1,-1,1,1,0,-1,-1
792,1,-1,1,1,1,1,1,1,-1,1,1,1,1,1,1,-1,1,1,0,1,1,1,1,1,1,1,-1,1,0,1,1
2807,1,1,1,1,1,-1,1,1,-1,1,1,1,1,1,0,1,1,1,0,1,1,1,1,1,1,1,-1,1,0,-1,1
7650,-1,-1,1,1,1,-1,0,-1,1,1,1,1,-1,-1,0,-1,1,1,0,1,1,1,1,-1,1,-1,-1,1,1,1,-1
6929,-1,-1,1,1,1,-1,1,0,1,1,1,1,-1,1,-1,-1,1,1,1,1,1,1,1,-1,1,-1,-1,1,1,1,-1
3142,1,-1,1,1,1,-1,1,1,1,1,1,1,-1,0,-1,-1,1,1,0,1,1,1,1,1,1,1,1,-1,0,1,1
8948,1,-1,1,1,1,-1,0,0,-1,1,1,1,1,0,-1,-1,1,1,0,1,1,1,1,1,1,1,-1,1,0,1,-1
7211,-1,1,1,1,1,1,1,1,-1,1,1,1,1,1,0,-1,1,1,0,1,1,1,1,1,1,1,-1,1,1,1,1
1208,-1,-1,-1,1,-1,1,0,1,-1,1,1,-1,1,0,0,-1,1,-1,1,1,1,1,1,1,-1,1,-1,1,1,1,1
3139,-1,-1,-1,1,-1,-1,-1,1,-1,1,1,-1,1,0,-1,-1,1,-1,1,1,1,1,1,1,-1,1,-1,1,1,1,1
3186,1,-1,1,1,1,1,-1,1,1,1,1,1,-1,1,0,-1,-1,1,0,1,1,1,1,1,-1,-1,-1,1,1,1,1
6140,-1,-1,1,1,1,-1,1,-1,1,1,1,1,-1,0,0,-1,1,1,0,1,1,1,1,-1,1,1,1,1,1,1,-1
1654,1,-1,1,1,1,-1,0,1,1,1,1,1,-1,0,1,-1,1,1,0,1,1,1,1,1,-1,1,-1,1,1,1,1
7703,1,-1,1,1,1,-1,0,0,1,-1,1,-1,-1,-1,0,-1,1,1,0,-1,1,-1,1,-1,1,-1,-1,1,1,1,-1
8545,1,1,1,1,1,1,-1,1,-1,1,1,1,1,1,0,1,1,1,0,1,1,1,1,1,1,1,1,1,0,1,1
6155,-1,1,1,-1,1,-1,0,0,-1,-1,-1,1,1,-1,0,-1,-1,1,0,1,1,1,1,1,1,0,1,1,1,1,-1
2610,1,1,1,-1,1,-1,-1,-1,-1,1,1,1,1,0,1,1,1,1,0,1,1,1,1,1,1,1,-1,1,0,1,-1
2499,1,-1,1,1,1,-1,-1,-1,1,1,1,1,-1,-1,0,-1,1,1,0,1,1,1,1,1,1,-1,-1,1,0,1,-1
6598,-1,-1,-1,1,-1,1,0,1,-1,1,1,-1,1,0,0,-1,1,-1,0,1,1,1,1,-1,-1,1,-1,-1,1,1,1
6677,1,-1,1,1,1,1,1,1,-1,1,1,1,1,1,1,-1,1,1,0,1,1,1,1,-1,1,1,1,1,0,-1,1
8730,-1,-1,1,1,1,-1,-1,-1,-1,1,1,1,-1,1,0,-1,1,1,0,1,1,1,1,1,1,1,-1,-1,1,1,-1
4001,1,-1,1,1,1,-1,-1,-1,1,1,1,1,1,0,0,-1,1,1,0,1,1,1,1,-1,1,1,-1,1,0,1,-1
1645,1,-1,1,1,1,-1,-1,1,-1,1,1,1,-1,0,0,-1,1,1,0,1,1,1,1,-1,-1,1,-1,1,0,1,-1
10844,1,-1,1,-1,1,-1,1,-1,-1,-1,-1,1,1,-1,0,-1,-1,1,0,1,1,1,1,1,1,1,-1,-1,0,1,-1
10602,1,-1,1,1,1,-1,1,1,-1,1,1,1,1,1,0,0,1,1,0,1,1,1,1,-1,1,0,-1,1,0,1,1
7429,1,-1,1,1,1,-1,1,1,1,1,1,1,-1,0,-1,-1,1,1,0,1,1,1,1,-1,1,0,1,1,0,1,1
8121,-1,-1,1,1,1,-1,0,-1,-1,1,1,1,-1,0,0,0,1,1,0,1,1,1,1,-1,1,1,1,1,1,1,1
2844,1,-1,1,1,1,-1,1,1,-1,-1,-1,1,1,1,0,-1,-1,1,0,1,1,-1,-1,1,1,1,-1,1,1,1,1
10898,-1,-1,1,1,1,-1,-1,0,1,1,1,1,-1,0,-1,0,1,1,0,1,1,1,1,1,1,0,-1,1,1,1,-1
1740,1,1,1,1,1,-1,-1,-1,-1,1,1,1,1,-1,-1,1,1,1,0,1,1,1,1,-1,1,0,-1,1,0,1,-1
7546,1,-1,1,1,1,-1,0,1,1,1,1,1,-1,0,-1,-1,1,1,0,1,1,1,1,-1,1,1,1,1,0,1,-1
6434,-1,-1,1,1,1,-1,0,0,-1,1,1,1,1,-1,-1,-1,1,1,0,1,1,1,1,-1,1,-1,-1,1,0,1,-1
9314,-1,-1,1,-1,1,-1,-1,-1,-1,-1,-1,1,1,-1,0,-1,-1,1,0,-1,1,-1,-1,1,1,0,-1,-1,0,1,-1
429,1,-1,1,1,1,-1,1,1,-1,1,1,1,-1,1,-1,-1,1,1,0,1,1,1,1,1,1,0,1,-1,0,1,1
4111,-1,-1,-1,1,-1,-1,-1,1,-1,1,1,-1,1,0,0,-1,1,-1,1,1,1,1,1,1,-1,1,1,1,1,1,1
1292,1,-1,1,-1,1,-1,0,0,-1,1,1,1,1,-1,0,-1,1,1,0,1,1,1,1,1,-1,-1,-1,-1,0,1,-1
3920,1,-1,1,1,1,-1,1,1,-1,-1,-1,1,1,1,1,-1,-1,1,0,-1,1,-1,-1,1,-1,1,-1,1,1,-1,1
9251,-1,1,1,1,1,-1,-1,0,-1,1,1,1,1,-1,0,-1,1,1,0,1,1,1,1,1,1,1,1,1,0,1,-1
5118,1,-1,1,1,1,-1,-1,-1,-1,1,1,1,-1,0,-1,-1,1,1,0,1,1,1,1,-1,1,-1,1,1,0,1,-1
114,1,1,1,1,1,-1,0,0,1,1,1,1,-1,-1,0,1,1,1,0,1,1,1,1,1,-1,-1,-1,1,0,1,-1
7504,-1,-1,1,1,1,-1,1,-1,1,1,1,1,1,0,0,1,1,1,0,1,1,1,1,-1,1,-1,1,1,1,1,1
10852,1,-1,1,1,1,-1,-1,-1,-1,1,1,1,-1,0,-1,1,1,1,0,1,1,1,1,1,1,0,-1,1,0,1,-1
5535,-1,1,1,1,1,-1,1,-1,-1,1,1,1,1,1,1,-1,1,1,0,1,1,1,1,1,1,1,1,1,1,1,1
8252,-1,-1,-1,1,-1,-1,0,1,-1,1,1,-1,1,0,-1,1,1,-1,0,1,1,1,1,-1,-1,1,-1,-1,1,1,1
7787,-1,-1,1,1,1,-1,0,1,-1,1,1,1,1,0,0,0,1,1,0,1,1,1,1,-1,1,1,-1,1,1,1,1
1712,1,-1,1,1,1,1,-1,1,1,1,1,1,-1,0,-1,-1,1,1,0,1,1,1,1,1,1,-1,-1,1,1,1,1
126,-1,-1,-1,1,-1,-1,-1,-1,-1,-1,1,-1,-1,-1,1,-1,-1,-1,1,-1,1,-1,1,-1,-1,0,-1,1,0,-1,-1
4596,1,-1,1,1,1,-1,-1,-1,-1,-1,-1,1,1,-1,0,-1,-1,1,0,-1,1,-1,-1,-1,-1,0,-1,1,1,-1,-1
5910,1,-1,1,1,1,-1,0,-1,-1,1,1,1,1,0,0,-1,1,1,1,1,1,1,1,-1,1,1,1,1,0,1,-1
6354,-1,-1,1,1,1,-1,0,-1,1,1,1,1,1,0,-1,-1,1,1,0,1,1,1,1,-1,1,1,1,1,1,1,-1
4213,1,-1,1,1,1,-1,0,0,-1,-1,-1,1,1,-1,-1,-1,-1,1,0,-1,1,-1,1,1,-1,1,-1,1,1,-1,-1
5967,-1,-1,1,-1,1,-1,0,1,1,-1,1,1,-1,-1,0,0,1,1,0,1,1,-1,1,-1,1,-1,1,1,0,-1,-1
1897,1,-1,1,1,1,-1,1,1,-1,1,1,1,1,0,1,-1,1,1,0,1,1,1,1,1,-1,0,-1,1,1,1,1
5527,1,-1,1,1,1,-1,0,-1,-1,1,1,1,-1,0,-1,-1,1,1,0,1,1,1,1,-1,1,0,1,1,0,-1,-1
5723,-1,-1,1,1,1,-1,0,0,1,1,1,1,-1,0,-1,0,1,1,0,1,1,1,1,-1,1,-1,-1,1,1,1,-1
9714,-1,-1,1,1,1,-1,-1,1,-1,1,1,1,1,1,0,-1,1,1,0,1,1,1,1,1,1,1,-1,1,1,1,1
3692,1,0,1,-1,1,-1,-1,1,-1,-1,1,-1,-1,-1,0,-1,1,1,0,-1,1,-1,-1,-1,-1,0,-1,1,0,1,-1
7936,1,1,1,1,1,-1,-1,1,-1,1,1,1,1,0,-1,0,1,1,0,1,1,1,1,1,1,1,-1,1,0,1,1
1269,-1,-1,-1,1,-1,-1,0,0,1,-1,-1,-1,-1,-1,1,-1,-1,-1,1,-1,-1,-1,-1,1,-1,0,-1,-1,1,-1,-1
4850,1,1,1,1,1,1,-1,1,-1,1,1,1,1,1,-1,1,1,1,0,1,1,1,1,-1,-1,1,1,1,-1,1,1
8169,-1,1,1,1,1,-1,1,0,-1,1,1,1,-1,-1,-1,-1,1,1,1,1,1,1,1,1,1,-1,-1,1,1,1,-1
2312,1,-1,1,1,1,-1,-1,1,1,1,1,1,1,0,1,-1,1,1,0,1,1,1,1,-1,-1,-1,-1,1,1,1,1
5562,1,-1,1,1,1,-1,1,1,-1,1,1,1,1,1,1,-1,1,1,0,1,1,1,1,-1,1,1,1,1,0,-1,1
1496,-1,-1,-1,1,-1,-1,-1,1,-1,1,1,-1,1,0,1,-1,1,-1,1,1,1,1,1,1,-1,1,-1,1,1,1,1
4642,1,1,1,1,1,-1,-1,1,-1,1,1,1,1,0,0,1,1,1,0,1,1,1,1,1,1,1,-1,1,0,1,1
5981,1,-1,1,1,1,-1,1,1,-1,1,1,1,1,0,-1,-1,1,1,0,1,1,1,1,-1,1,0,-1,1,0,1,1
10615,1,1,1,-1,1,-1,0,1,-1,1,1,1,1,0,0,-1,1,-1,0,1,1,1,1,-1,1,1,-1,1,0,1,1
8560,-1,-1,1,1,1,-1,-1,1,1,1,1,1,-1,1,1,-1,1,1,0,1,1,1,1,1,1,1,-1,1,0,1,-1
6918,-1,-1,1,1,1,-1,1,1,-1,1,1,1,1,0,0,-1,1,1,0,1,1,1,1,-1,1,0,1,1,0,1,1
4017,1,-1,1,1,1,1,-1,1,-1,1,1,1,1,1,1,-1,1,1,0,1,1,1,1,1,1,1,-1,1,0,1,1
5807,-1,-1,1,1,1,1,-1,1,1,1,1,1,-1,1,-1,1,1,1,0,1,1,1,1,-1,1,1,-1,1,1,1,1
1594,1,1,1,1,1,-1,0,-1,-1,1,1,1,1,0,0,1,1,1,0,1,1,1,1,-1,1,1,-1,1,0,1,1
988,1,-1,1,-1,1,-1,-1,-1,1,1,1,1,-1,-1,0,-1,1,1,0,1,1,1,1,-1,-1,-1,-1,-1,1,1,-1
4713,1,-1,1,1,1,-1,0,1,1,1,1,1,-1,0,0,-1,1,1,0,1,1,1,1,-1,1,1,-1,1,1,1,1
6482,1,-1,1,1,1,1,1,1,-1,1,1,1,1,1,1,-1,1,1,0,1,1,1,1,-1,1,1,-1,1,0,1,1
9861,-1,-1,1,1,1,1,1,1,-1,1,1,1,1,0,0,-1,1,1,0,1,1,-1,1,1,1,0,-1,1,1,1,1
6762,-1,1,1,1,1,-1,0,1,-1,1,1,1,1,1,0,-1,1,1,0,1,1,1,1,1,1,1,-1,1,1,1,1
6988,1,-1,1,1,1,1,0,-1,-1,1,1,1,1,1,1,-1,1,1,0,1,1,1,1,-1,1,1,-1,1,0,1,1
1584,1,1,1,-1,1,1,-1,1,-1,1,1,1,1,0,1,1,1,1,0,1,1,1,1,-1,-1,1,-1,1,0,1,1
10855,1,-1,-1,-1,1,-1,0,1,-1,1,1,1,1,0,-1,-1,1,1,0,1,1,1,1,-1,1,-1,-1,1,0,1,1
7535,1,-1,1,1,1,-1,0,0,-1,1,1,1,1,-1,-1,-1,1,1,0,1,1,1,1,-1,1,-1,-1,1,0,1,-1
998,1,-1,1,1,1,-1,-1,1,-1,1,1,1,1,0,0,-1,1,1,0,1,1,1,1,1,1,1,-1,1,0,1,1
8314,1,-1,1,1,1,-1,1,1,-1,1,1,1,1,0,0,0,1,1,0,1,1,1,1,1,1,-1,-1,1,0,1,1
9532,1,-1,1,1,1,-1,1,1,1,1,1,1,-1,0,1,0,1,1,0,1,1,1,1,-1,1,0,-1,1,0,1,1
7436,-1,1,1,1,1,1,1,1,-1,1,1,1,1,1,0,-1,1,1,0,1,1,1,1,1,1,-1,-1,1,1,1,1
11046,-1,1,1,1,1,1,1,1,-1,1,1,1,1,1,0,-1,1,1,0,1,1,1,1,1,1,1,1,1,1,1,1
122,1,-1,1,1,1,1,1,1,-1,1,1,-1,1,1,0,-1,1,1,0,1,1,1,1,1,-1,1,-1,1,0,1,1
7974,1,-1,-1,1,-1,-1,-1,-1,1,1,1,1,-1,-1,1,1,1,1,1,1,-1,1,1,1,1,-1,-1,1,1,1,-1
10692,1,-1,1,1,1,-1,-1,-1,1,1,1,1,-1,-1,-1,-1,1,1,0,1,1,1,1,1,1,0,-1,1,0,-1,-1
8466,-1,-1,1,1,1,-1,0,0,-1,1,1,1,1,0,-1,0,1,1,0,1,1,1,1,1,1,0,-1,1,0,-1,-1
8691,-1,-1,-1,-1,-1,-1,0,-1,-1,-1,1,-1,-1,-1,1,-1,-1,-1,1,-1,1,-1,1,1,-1,1,-1,1,0,-1,-1
6358,-1,-1,-1,1,-1,-1,1,1,-1,1,1,-1,1,0,0,0,1,-1,0,1,1,1,1,-1,-1,1,-1,-1,1,1,1
7370,1,-1,1,1,1,-1,1,1,1,1,1,1,-1,0,-1,-1,1,1,0,1,1,1,1,-1,1,0,1,1,0,1,1
4665,1,-1,1,1,1,-1,0,1,-1,1,1,1,1,1,-1,-1,1,1,0,1,1,1,1,-1,1,0,-1,1,0,1,1
9529,1,-1,1,1,1,-1,1,0,1,1,1,1,-1,-1,0,-1,1,1,0,1,1,1,1,1,1,0,-1,1,0,1,-1
5104,-1,-1,-1,1,-1,1,0,1,-1,1,1,-1,1,1,0,-1,1,-1,0,1,1,1,1,-1,1,1,1,1,1,1,1
10676,-1,-1,-1,1,-1,-1,1,-1,-1,1,1,-1,1,1,0,-1,1,-1,1,1,1,1,1,1,-1,0,-1,1,1,1,1
1004,1,1,1,1,1,1,0,1,-1,1,1,1,1,0,-1,1,1,1,0,1,1,1,1,-1,1,0,-1,-1,0,1,1
5031,1,-1,1,1,1,-1,-1,1,-1,1,1,1,1,0,0,-1,1,1,0,1,1,1,1,1,1,0,-1,1,0,1,1
9173,-1,-1,1,1,1,-1,0,1,-1,1,1,1,1,0,0,-1,1,1,0,1,1,1,1,1,1,0,-1,1,1,1,-1
10301,-1,-1,-1,1,-1,-1,-1,1,1,1,1,-1,-1,0,1,-1,1,-1,1,1,1,1,1,1,-1,1,-1,1,0,1,1
2161,1,1,1,-1,1,-1,0,-1,-1,1,1,1,1,-1,0,1,1,1,0,1,1,1,1,-1,-1,-1,-1,-1,1,1,-1
8863,-1,-1,1,1,1,-1,-1,0,-1,1,1,1,1,-1,0,-1,-1,1,0,1,1,1,1,1,1,0,-1,1,0,1,-1
4209,1,-1,1,1,1,-1,-1,-1,1,1,1,1,-1,0,0,-1,1,1,0,1,1,1,1,-1,1,-1,-1,-1,0,1,-1
4648,1,-1,1,1,1,-1,0,1,-1,-1,-1,1,1,0,0,-1,-1,1,0,-1,-1,-1,-1,-1,-1,1,-1,1,1,-1,1
12,1,-1,1,1,1,-1,-1,1,-1,1,1,1,1,0,0,-1,1,1,0,1,1,1,1,-1,1,1,-1,1,0,1,1
10720,-1,-1,-1,1,-1,-1,1,1,-1,1,1,-1,1,0,1,-1,1,-1,0,1,1,1,1,1,1,-1,-1,1,1,1,1
4899,1,-1,1,1,1,-1,-1,-1,-1,1,1,1,1,0,-1,-1,-1,-1,0,1,1,1,1,-1,1,-1,-1,1,0,-1,-1
708,1,-1,1,1,1,-1,1,1,-1,1,1,1,1,0,1,-1,1,1,0,1,1,1,1,1,1,1,-1,1,0,1,1
6830,1,-1,1,1,1,-1,0,0,-1,1,1,1,-1,0,-1,-1,1,1,1,1,1,1,1,-1,1,1,-1,1,0,1,-1
10218,1,-1,1,1,1,-1,1,-1,-1,1,1,1,1,-1,-1,-1,1,1,0,1,1,1,1,-1,1,1,-1,1,0,1,-1
1843,1,1,1,1,1,-1,-1,1,-1,1,1,1,1,0,0,1,1,1,0,1,1,1,1,-1,1,1,1,1,0,1,1
4577,1,-1,1,1,1,-1,-1,-1,1,1,1,1,-1,-1,0,-1,1,1,0,1,1,1,1,-1,1,0,-1,1,0,1,-1
10846,1,-1,1,1,1,1,0,-1,-1,1,1,1,1,1,-1,-1,1,1,0,1,1,1,1,1,1,0,-1,1,0,1,1
2220,1,-1,-1,1,1,-1,-1,1,-1,1,1,1,-1,0,0,-1,1,1,0,1,1,1,1,-1,1,0,-1,1,0,1,1
1205,1,1,1,1,1,-1,0,-1,-1,1,1,1,1,-1,-1,1,1,1,0,1,1,1,1,-1,1,0,-1,1,0,1,-1
4394,1,1,1,1,1,1,0,-1,-1,1,1,1,1,0,0,1,1,1,0,1,1,1,1,1,1,1,-1,-1,-1,1,1
8668,-1,1,-1,-1,-1,-1,1,1,-1,1,1,-1,1,0,0,0,1,-1,1,1,1,1,1,-1,-1,-1,1,1,1,1,1
3306,1,1,1,-1,1,-1,0,0,-1,1,1,1,1,-1,0,1,1,1,0,1,1,1,1,1,1,-1,-1,1,0,1,-1
10711,-1,-1,1,1,1,1,1,1,1,1,1,1,-1,0,1,-1,1,1,0,1,1,1,1,1,1,-1,-1,1,1,1,1
2064,1,-1,1,1,1,-1,0,0,1,-1,-1,1,-1,-1,1,-1,-1,1,0,1,1,-1,1,1,-1,-1,-1,-1,0,-1,-1
9941,-1,-1,-1,1,-1,1,1,1,-1,1,1,-1,1,0,0,-1,1,-1,1,1,1,1,1,-1,-1,-1,-1,1,1,1,1
7040,1,1,1,1,1,1,0,-1,-1,1,1,1,1,0,0,-1,1,1,1,1,1,1,1,1,1,1,-1,1,-1,1,1
2390,1,-1,1,1,1,-1,1,1,-1,1,1,1,1,0,0,-1,1,1,0,1,1,1,1,-1,-1,0,-1,-1,1,1,1
1056,1,1,1,1,1,-1,-1,1,-1,1,1,1,1,1,0,1,1,1,0,1,1,1,1,1,1,1,1,1,0,1,1
1223,1,-1,1,1,1,-1,1,1,1,1,1,1,-1,0,0,-1,1,1,0,1,1,1,1,1,1,1,1,-1,0,1,1
2403,-1,1,-1,1,-1,-1,0,1,-1,1,1,-1,1,0,-1,1,1,-1,1,1,1,1,1,-1,-1,1,1,-1,1,1,1
6455,1,-1,1,1,1,-1,0,-1,1,1,1,1,-1,-1,-1,-1,1,1,0,1,1,1,1,-1,1,0,1,1,0,1,-1
5065,1,1,1,-1,1,-1,1,1,-1,1,1,1,-1,0,1,-1,1,-1,0,-1,1,-1,1,-1,-1,0,-1,-1,-1,-1,-1
7850,-1,-1,1,1,1,-1,0,-1,-1,1,1,1,-1,-1,-1,-1,-1,1,1,1,1,1,1,1,1,1,-1,-1,1,1,-1
9533,-1,-1,1,1,1,-1,0,1,-1,1,1,1,1,0,0,-1,1,1,0,1,1,1,1,1,1,1,-1,1,0,1,-1
9457,-1,-1,1,1,1,-1,-1,-1,1,1,1,1,-1,-1,1,-1,1,1,0,1,1,1,1,1,1,0,-1,1,1,1,-1
7318,-1,-1,-1,-1,-1,1,1,1,-1,1,1,-1,1,0,0,-1,1,-1,0,1,1,1,1,-1,-1,1,1,-1,1,1,1
1795,1,-1,1,1,1,-1,-1,1,1,1,1,1,-1,0,-1,-1,1,1,0,1,1,1,1,-1,-1,1,-1,1,1,1,-1
4025,1,-1,1,1,1,-1,0,0,1,1,1,1,-1,-1,0,-1,1,1,0,1,1,1,1,1,-1,-1,-1,1,0,1,-1
2621,1,-1,1,-1,1,-1,-1,1,-1,-1,-1,1,-1,0,1,-1,-1,1,0,-1,1,-1,-1,-1,-1,0,-1,1,0,-1,-1
3131,-1,-1,-1,1,-1,-1,-1,1,-1,1,1,-1,1,0,0,-1,1,-1,1,1,1,1,1,1,-1,1,-1,1,1,1,1
1676,-1,-1,-1,1,-1,-1,-1,-1,-1,-1,-1,-1,-1,-1,1,-1,-1,-1,1,1,1,-1,1,-1,-1,0,-1,-1,1,-1,-1
550,1,-1,1,-1,1,1,-1,1,-1,1,1,1,1,1,1,-1,1,1,0,1,1,1,1,1,1,1,-1,1,0,1,1
3963,1,1,1,1,1,-1,1,1,-1,1,1,1,1,0,0,1,1,1,0,1,1,1,1,1,1,1,-1,1,0,1,1
4965,1,-1,1,1,1,-1,1,1,-1,1,1,1,1,1,1,-1,1,1,0,1,1,1,1,1,1,1,-1,1,0,1,1
1327,1,1,1,1,1,-1,0,0,-1,1,1,1,1,-1,-1,1,1,1,0,1,1,1,1,1,-1,0,-1,1,0,1,-1
9726,-1,-1,1,1,1,-1,-1,0,1,-1,1,-1,-1,-1,0,-1,1,1,0,-1,1,-1,1,1,1,0,-1,1,1,1,-1
8612,-1,-1,1,1,1,-1,0,1,1,1,1,1,-1,-1,-1,-1,1,1,0,1,1,1,1,1,1,1,-1,-1,0,1,-1
7174,1,-1,1,1,1,-1,1,1,-1,1,1,1,1,1,-1,1,1,1,0,1,1,1,1,-1,1,0,1,1,0,1,1
10626,1,-1,1,1,1,1,0,1,-1,1,1,1,1,0,-1,-1,1,1,0,1,1,1,1,-1,1,0,-1,1,0,1,1
8557,-1,-1,1,1,1,1,0,1,-1,1,1,1,-1,1,0,0,1,1,0,1,1,1,1,1,1,1,-1,1,1,1,1
1488,-1,-1,-1,1,-1,1,-1,1,-1,1,1,-1,1,0,0,-1,1,-1,1,1,1,1,1,-1,-1,1,-1,1,1,1,1
4332,1,-1,1,1,1,-1,-1,1,-1,1,1,1,-1,0,0,-1,1,1,0,1,1,1,1,-1,1,1,-1,1,0,1,1
8615,1,-1,1,-1,1,-1,1,1,-1,1,1,1,1,0,1,1,1,1,0,1,1,1,1,1,1,-1,-1,1,0,1,1
5593,-1,-1,1,-1,1,1,1,1,-1,-1,-1,-1,1,0,1,-1,-1,1,0,1,1,-1,-1,-1,1,1,-1,1,1,1,1
9368,-1,-1,1,1,1,-1,1,-1,-1,-1,1,1,-1,-1,-1,-1,1,1,0,1,1,-1,1,-1,1,1,-1,1,1,-1,-1
4335,1,1,1,1,1,-1,0,0,-1,-1,-1,1,-1,-1,0,1,-1,1,0,1,1,-1,1,1,-1,-1,-1,1,0,-1,-1
2936,1,-1,1,1,1,-1,-1,-1,1,1,1,1,-1,0,-1,-1,1,1,0,1,1,1,1,-1,-1,0,-1,1,1,1,-1
258,-1,-1,-1,1,-1,1,1,1,1,1,1,-1,1,0,0,-1,1,1,0,1,1,1,1,1,1,1,-1,1,1,1,1
9743,1,1,1,1,1,-1,-1,1,-1,1,1,1,1,0,0,1,1,1,0,1,1,1,1,1,1,1,1,1,0,1,1
2611,1,-1,1,-1,1,-1,-1,-1,-1,-1,-1,1,1,-1,-1,-1,-1,1,0,1,1,1,1,-1,-1,0,-1,1,1,-1,-1
6266,-1,-1,-1,1,-1,1,0,1,-1,1,1,-1,1,0,-1,-1,1,-1,0,1,1,1,1,-1,-1,1,1,-1,1,1,1
3516,1,-1,1,1,1,-1,-1,-1,-1,1,1,1,-1,-1,0,-1,1,1,0,1,1,1,1,-1,1,-1,-1,1,0,1,-1
5284,1,-1,1,1,1,-1,-1,-1,1,1,1,1,1,0,-1,1,1,1,1,1,1,1,1,-1,1,-1,1,1,0,1,-1
10215,-1,-1,1,1,1,-1,-1,-1,1,1,1,1,-1,-1,0,-1,1,1,0,1,1,1,1,1,1,1,-1,-1,1,1,-1
9505,-1,-1,1,1,1,-1,-1,1,1,1,1,1,-1,1,-1,-1,1,1,0,1,1,1,1,1,1,-1,-1,1,1,1,1
1487,1,-1,1,1,1,-1,-1,1,1,1,1,1,1,0,0,-1,1,1,0,1,1,1,1,1,1,-1,1,1,0,1,1
1260,1,-1,1,1,1,-1,-1,-1,1,1,1,1,-1,-1,0,-1,1,1,0,1,1,1,1,1,-1,-1,-1,1,0,1,-1
7242,1,1,1,1,1,-1,0,-1,-1,1,1,1,1,0,0,0,1,1,0,1,1,1,1,1,1,0,1,1,0,1,-1
5004,1,-1,1,1,1,-1,1,1,-1,1,1,1,-1,1,-1,-1,1,1,0,1,1,1,1,-1,1,-1,-1,1,0,1,1
2814,1,-1,1,1,1,-1,0,0,1,1,1,1,-1,-1,-1,-1,1,1,0,1,1,1,1,1,1,1,-1,-1,0,-1,-1
8962,-1,-1,1,1,1,-1,-1,0,-1,1,1,1,1,-1,-1,-1,1,1,0,1,1,1,1,1,1,1,-1,1,1,1,-1
3430,-1,1,-1,1,-1,-1,0,-1,-1,-1,1,-1,1,-1,1,1,1,-1,0,-1,1,-1,1,-1,-1,1,-1,1,1,-1,-1
9796,1,-1,1,1,1,-1,0,-1,1,1,1,1,1,-1,-1,-1,1,1,0,1,1,1,1,1,1,1,-1,1,0,1,-1
10134,1,-1,1,1,1,-1,-1,-1,1,1,1,1,-1,1,-1,-1,1,1,0,1,1,1,1,1,1,1,-1,1,1,1,-1
6568,-1,-1,1,1,1,-1,1,1,-1,1,1,1,1,0,-1,-1,1,1,0,1,1,1,1,-1,1,1,-1,1,1,1,1
6291,1,-1,-1,1,-1,-1,0,-1,1,1,1,-1,-1,-1,-1,-1,1,-1,0,1,1,1,1,-1,-1,-1,-1,-1,0,1,-1
9298,-1,1,-1,-1,-1,-1,1,1,-1,1,1,-1,1,0,-1,-1,1,-1,1,1,1,1,1,1,-1,1,1,1,1,1,1
9632,1,-1,1,-1,1,-1,-1,-1,-1,-1,-1,1,-1,-1,1,-1,-1,1,0,-1,-1,-1,-1,1,1,1,-1,1,0,1,-1
399,1,-1,1,1,1,-1,1,1,1,1,1,1,-1,0,1,-1,1,1,0,1,1,1,1,1,1,1,-1,1,1,1,1
4638,1,-1,1,1,1,1,-1,1,-1,-1,1,1,1,0,1,-1,1,-1,0,1,1,-1,1,1,-1,1,-1,1,1,-1,1
4996,1,-1,1,-1,1,-1,-1,-1,1,1,1,1,-1,-1,0,-1,1,1,0,1,1,1,1,-1,-1,-1,-1,1,1,1,-1
1642,-1,-1,-1,1,-1,-1,0,0,-1,1,1,-1,-1,-1,1,-1,1,1,1,-1,1,-1,1,1,-1,-1,-1,1,0,1,-1
894,1,-1,1,1,1,-1,-1,1,-1,-1,-1,1,-1,0,1,-1,-1,1,0,-1,1,-1,-1,-1,-1,0,-1,1,0,-1,-1
6397,1,-1,1,1,1,-1,1,1,-1,1,1,1,1,0,-1,-1,1,1,0,1,1,1,1,-1,1,0,1,1,0,1,1
8799,-1,1,1,1,1,-1,1,1,-1,-1,1,1,1,0,0,0,1,1,0,1,1,-1,1,1,1,1,1,1,1,1,1
236,1,1,1,1,1,1,0,-1,-1,1,1,1,1,0,0,1,1,1,0,1,1,1,1,1,1,1,-1,1,-1,1,1
9715,-1,-1,1,1,1,-1,-1,-1,1,1,1,1,-1,-1,-1,-1,1,1,0,1,1,1,1,1,1,0,-1,-1,1,1,-1
10774,-1,-1,1,-1,1,-1,0,-1,-1,-1,-1,1,1,0,-1,-1,-1,1,0,1,1,-1,1,1,1,0,-1,1,0,-1,-1
2060,1,1,1,1,1,-1,-1,-1,-1,-1,-1,1,1,-1,0,1,-1,1,0,1,1,-1,1,-1,-1,1,-1,1,1,-1,-1
9377,-1,-1,1,-1,1,-1,-1,-1,1,1,1,-1,-1,-1,-1,-1,1,1,0,1,1,1,1,1,1,1,-1,1,1,1,-1
9664,1,-1,1,1,1,-1,1,1,1,1,1,1,-1,0,-1,-1,1,1,0,1,1,1,1,1,1,0,-1,1,0,1,1
5035,1,-1,1,1,1,1,0,1,-1,1,1,1,-1,1,0,-1,1,1,0,1,1,1,1,1,1,1,-1,1,1,1,1
6621,-1,-1,1,-1,1,-1,0,-1,1,1,1,-1,-1,-1,-1,-1,1,-1,0,1,1,1,1,-1,1,0,-1,1,1,1,-1
10912,1,-1,-1,1,-1,-1,1,1,-1,1,1,-1,1,0,1,-1,1,-1,1,1,1,1,1,1,-1,-1,-1,1,1,1,1
11030,-1,-1,1,1,1,-1,0,1,-1,1,1,1,1,0,1,-1,1,1,0,1,1,1,1,1,1,1,-1,1,-1,1,-1
5942,-1,-1,1,1,1,-1,0,1,1,1,1,1,1,-1,-1,-1,1,1,0,1,1,1,1,-1,1,0,1,1,0,1,-1
3273,1,-1,1,-1,1,-1,-1,1,1,1,1,1,-1,1,1,-1,1,1,0,1,1,1,1,-1,1,1,-1,1,0,1,1
784,1,-1,1,1,1,-1,0,1,1,1,1,1,-1,1,-1,-1,1,1,0,1,1,1,1,-1,-1,1,-1,1,1,1,1
6418,1,1,1,1,1,-1,-1,1,-1,1,1,1,1,0,-1,0,1,1,0,1,1,1,1,1,1,1,-1,1,0,1,1
10484,-1,-1,1,1,1,-1,1,-1,1,1,1,1,-1,0,0,-1,1,1,0,1,1,1,1,1,1,0,-1,1,0,-1,-1
7978,-1,-1,-1,1,-1,1,-1,1,-1,1,1,-1,1,0,0,-1,1,1,0,1,1,1,1,1,-1,1,-1,1,1,1,1
8101,-1,-1,-1,-1,-1,-1,-1,1,1,1,1,-1,-1,1,-1,-1,1,-1,0,1,1,1,1,-1,-1,1,1,-1,1,1,1
8087,-1,-1,-1,1,-1,-1,1,1,-1,1,1,-1,1,0,1,-1,1,-1,0,1,1,1,1,1,1,-1,-1,1,1,1,1
4970,1,-1,1,1,1,-1,1,1,-1,1,1,1,1,1,0,-1,1,1,0,1,1,1,1,1,1,1,-1,1,0,1,1
1903,1,-1,1,1,1,-1,0,1,-1,1,1,1,1,0,1,-1,1,1,0,1,1,1,1,-1,-1,1,-1,1,1,1,1
8714,-1,-1,1,1,1,1,1,1,-1,1,1,1,-1,1,0,-1,1,1,0,1,1,1,1,1,1,0,-1,1,1,1,1
353,1,-1,1,1,1,-1,0,0,1,1,1,1,-1,-1,-1,-1,1,1,0,1,1,1,1,1,1,1,-1,1,1,1,-1
10378,-1,-1,1,1,1,-1,-1,1,-1,1,1,1,1,0,1,1,1,1,0,1,1,1,1,1,1,1,-1,1,1,1,1
2766,-1,1,-1,1,-1,-1,-1,1,-1,1,1,-1,1,0,-1,1,1,-1,0,1,1,1,1,1,-1,0,-1,1,1,1,1
4855,1,1,1,1,1,-1,-1,-1,-1,1,1,1,1,-1,0,1,1,1,0,1,1,1,1,-1,1,-1,-1,1,0,-1,-1
6546,-1,-1,1,-1,1,-1,1,-1,-1,-1,-1,1,1,1,1,-1,-1,1,0,1,1,-1,1,-1,1,1,1,1,1,1,1
5997,-1,-1,-1,1,1,1,1,1,-1,1,1,-1,1,0,-1,-1,1,1,0,1,1,1,1,-1,-1,1,1,1,-1,1,1
3094,1,1,1,1,1,1,-1,1,-1,-1,-1,1,1,1,-1,1,-1,1,0,1,1,-1,-1,1,1,1,-1,1,0,-1,1
6012,-1,-1,1,1,1,-1,1,1,-1,-1,1,1,1,0,1,-1,1,1,0,1,1,-1,-1,-1,1,0,1,1,1,1,1
2798,1,-1,1,1,1,-1,1,1,-1,1,1,1,1,0,0,-1,1,-1,0,1,1,1,1,1,1,1,-1,1,0,-1,1
500,1,-1,1,1,1,-1,1,1,-1,1,1,1,-1,0,1,-1,1,1,0,1,1,1,1,1,1,1,1,1,0,1,1
438,1,-1,1,1,1,-1,0,0,-1,1,1,1,-1,-1,-1,-1,1,1,0,1,1,1,1,1,-1,-1,-1,1,1,1,-1
2112,1,1,1,1,1,-1,0,-1,-1,1,1,1,1,-1,0,1,1,1,0,1,1,1,1,-1,-1,-1,-1,1,0,1,-1
2886,1,-1,1,1,-1,-1,-1,-1,1,1,1,1,-1,-1,-1,-1,1,1,0,1,1,1,1,-1,-1,-1,1,1,-1,1,-1
2667,1,-1,1,1,1,-1,0,0,-1,1,1,1,-1,-1,-1,-1,1,1,0,1,1,1,1,1,-1,-1,-1,1,1,1,-1
2883,1,-1,1,1,1,-1,-1,-1,-1,1,1,-1,-1,-1,-1,-1,1,1,0,1,1,1,1,-1,1,0,-1,1,0,1,-1
7984,1,-1,1,1,1,-1,0,-1,1,1,1,1,-1,-1,0,-1,1,1,0,1,1,1,1,-1,1,0,1,1,0,1,-1
4978,1,-1,1,1,1,-1,1,1,-1,1,1,1,1,1,0,0,1,1,0,1,1,1,1,-1,1,0,1,1,0,1,1
1283,1,-1,1,1,1,-1,-1,1,-1,-1,-1,1,1,0,0,-1,-1,1,0,-1,-1,-1,-1,1,-1,1,-1,1,1,-1,1
3786,1,-1,1,1,1,-1,0,0,1,-1,-1,1,-1,-1,0,-1,-1,1,0,-1,1,-1,-1,1,1,0,-1,1,0,-1,-1
10030,-1,-1,1,1,1,-1,-1,-1,1,1,1,1,1,0,0,1,1,1,0,1,1,1,1,1,1,1,-1,1,1,1,1
3140,1,-1,1,1,1,-1,0,-1,-1,1,1,1,1,1,0,-1,1,1,0,1,1,1,1,1,1,1,-1,1,0,1,1
2711,1,-1,1,1,1,-1,-1,1,1,1,1,1,-1,0,-1,-1,1,1,0,1,1,1,1,1,1,1,-1,1,0,1,1
5473,-1,-1,1,-1,1,-1,1,1,-1,-1,-1,-1,-1,0,0,0,-1,1,0,1,1,-1,1,-1,1,1,-1,1,1,1,1
3464,1,-1,1,1,1,-1,0,0,1,1,1,1,-1,-1,-1,-1,1,1,0,1,1,1,1,1,-1,-1,-1,1,1,1,-1
10742,-1,-1,1,1,1,-1,0,1,1,1,1,1,-1,0,0,1,1,1,0,1,1,1,1,-1,1,0,-1,-1,1,1,1
1055,1,-1,1,-1,1,-1,-1,1,-1,1,1,1,1,1,1,-1,1,1,0,1,1,1,1,1,1,1,1,-1,0,1,1
6945,-1,-1,-1,1,-1,-1,0,1,-1,1,1,-1,1,0,0,1,1,-1,0,1,1,1,1,-1,-1,1,-1,-1,1,1,1
145,1,-1,1,1,1,1,1,1,1,1,1,1,-1,1,0,-1,1,1,0,1,1,1,1,1,-1,1,-1,-1,1,1,1
7917,-1,-1,1,1,1,-1,0,-1,1,1,1,1,-1,0,-1,1,1,1,1,1,1,1,1,-1,1,-1,1,1,1,1,-1
3689,1,-1,1,1,1,-1,-1,-1,-1,1,1,1,-1,0,-1,-1,1,1,0,1,1,1,1,1,-1,1,-1,1,1,1,-1
4677,-1,1,-1,1,-1,-1,0,0,-1,1,1,-1,1,-1,1,1,1,-1,1,1,1,1,1,1,-1,1,-1,1,1,1,-1
9986,1,-1,-1,1,-1,-1,1,1,-1,1,1,-1,1,1,1,-1,1,-1,1,1,1,1,1,1,-1,-1,-1,1,1,1,1
5550,-1,-1,1,1,1,-1,0,1,-1,1,1,1,1,0,0,0,1,1,0,1,1,1,1,-1,1,1,-1,1,1,1,1
5435,-1,-1,1,1,1,-1,0,0,-1,1,1,1,1,0,-1,-1,1,1,0,1,1,1,1,-1,1,0,1,1,0,-1,-1
5916,1,-1,1,1,1,-1,0,1,-1,1,1,1,-1,0,-1,-1,1,1,1,1,1,1,1,-1,1,0,-1,1,0,1,1
1337,-1,-1,-1,1,-1,-1,1,1,1,1,1,-1,-1,0,0,-1,1,-1,1,1,1,1,1,1,-1,1,-1,1,1,1,1
10611,1,-1,1,1,1,-1,-1,-1,1,1,1,1,1,-1,0,-1,1,1,0,1,1,1,1,1,1,0,-1,1,0,1,-1
4403,1,-1,1,1,1,-1,-1,-1,-1,1,1,1,1,-1,-1,-1,1,1,0,1,1,1,1,-1,1,-1,-1,1,0,1,-1
3971,1,-1,1,1,1,-1,-1,-1,1,1,1,1,-1,0,0,-1,1,1,0,1,1,1,1,1,-1,1,-1,1,1,1,1
9595,-1,-1,1,1,1,-1,-1,1,-1,1,1,-1,1,0,1,-1,1,1,0,1,1,1,1,-1,1,-1,-1,1,0,1,1
4310,1,-1,1,1,1,-1,-1,1,-1,1,1,1,1,1,0,-1,1,1,0,1,1,1,1,1,1,1,1,-1,0,1,1
2771,1,1,1,1,1,1,0,1,-1,1,1,1,1,1,0,1,1,1,0,1,1,1,1,1,-1,1,-1,1,1,1,1
5953,-1,-1,-1,-1,-1,-1,1,0,1,-1,-1,-1,-1,-1,-1,-1,-1,-1,0,1,1,-1,1,-1,-1,-1,-1,-1,1,1,-1
8117,1,-1,-1,1,1,-1,-1,1,-1,1,1,-1,-1,0,0,-1,1,1,0,1,1,1,1,1,1,1,-1,1,0,1,1
6055,1,-1,1,1,1,-1,0,-1,1,1,1,1,-1,0,-1,-1,1,1,0,1,1,1,1,-1,1,1,-1,1,0,1,1
10041,-1,-1,1,1,1,-1,0,0,1,1,1,1,-1,0,-1,-1,1,1,0,1,1,1,1,-1,1,1,-1,1,0,1,-1
2585,1,-1,1,1,1,-1,0,1,1,1,1,1,-1,0,-1,-1,1,-1,0,1,1,1,1,-1,1,1,-1,1,0,1,1
10368,1,-1,1,1,1,-1,-1,1,1,1,1,1,-1,0,-1,1,1,1,0,1,1,1,1,1,1,1,-1,1,0,1,1
9996,-1,-1,1,1,-1,-1,-1,-1,1,1,1,1,-1,-1,0,-1,1,1,0,1,1,1,1,1,1,1,-1,1,0,1,-1
7047,1,-1,1,1,1,-1,0,1,-1,1,1,1,1,0,0,0,1,1,0,1,1,1,1,-1,1,1,1,1,0,1,1
9802,-1,-1,1,1,1,-1,-1,-1,1,1,1,1,-1,-1,0,-1,1,1,0,1,1,1,1,1,1,1,-1,1,0,1,-1
8651,1,-1,1,1,1,1,0,1,-1,1,1,1,1,1,-1,-1,1,1,0,1,1,1,1,1,1,1,-1,1,0,1,1
7097,-1,-1,1,1,1,-1,0,0,-1,1,1,1,-1,-1,-1,-1,1,1,0,1,1,1,1,-1,1,-1,-1,1,1,1,-1
6344,1,-1,1,1,1,-1,0,-1,-1,1,1,1,1,-1,-1,-1,1,1,0,1,1,1,1,-1,1,0,-1,1,0,1,-1
7155,-1,-1,-1,-1,-1,-1,0,0,-1,-1,1,-1,1,-1,1,-1,1,-1,0,1,1,-1,1,-1,-1,0,1,-1,1,1,-1
9444,1,-1,1,-1,1,-1,1,1,-1,-1,-1,1,1,1,-1,1,-1,1,0,-1,1,-1,-1,1,1,-1,-1,1,0,1,1
10461,1,-1,-1,1,1,-1,-1,1,-1,1,1,-1,-1,0,0,-1,1,1,0,1,1,1,1,1,1,1,-1,1,0,-1,1
5378,-1,-1,1,-1,1,-1,0,-1,-1,-1,-1,1,-1,-1,-1,0,-1,1,1,1,1,-1,1,-1,1,-1,1,1,1,1,-1
8265,-1,-1,-1,1,-1,-1,1,1,-1,1,1,-1,-1,1,1,-1,1,-1,0,1,1,1,1,1,-1,1,-1,1,1,1,1
8499,-1,0,-1,1,1,-1,1,1,-1,1,1,1,1,0,1,1,1,1,0,1,1,1,1,1,1,1,-1,1,0,1,1
4728,-1,-1,-1,1,-1,-1,0,0,-1,-1,1,-1,1,-1,1,-1,1,-1,0,-1,1,-1,1,1,-1,1,-1,1,0,-1,-1
1711,-1,-1,-1,1,-1,1,-1,1,-1,1,1,-1,-1,0,0,-1,1,-1,0,1,1,1,1,1,1,1,-1,1,0,-1,1
10540,-1,1,-1,1,-1,1,1,1,-1,1,1,-1,1,0,0,-1,1,-1,1,1,1,1,1,1,-1,1,1,1,1,1,1
3949,1,-1,1,1,1,-1,0,0,1,1,1,1,-1,-1,0,-1,1,1,0,1,1,1,1,1,1,-1,-1,1,0,1,-1
10087,1,-1,1,1,1,-1,0,-1,-1,1,1,-1,1,0,1,-1,1,1,0,1,1,1,1,1,1,1,-1,1,-1,1,-1
9579,-1,-1,1,1,1,-1,1,-1,-1,1,1,1,1,0,0,-1,-1,1,0,1,1,1,1,1,1,-1,-1,1,0,1,-1
8784,1,-1,1,1,1,-1,1,1,1,1,1,1,-1,1,1,1,1,1,0,1,1,1,1,1,1,0,-1,1,0,1,1
2803,1,-1,1,1,-1,-1,1,1,-1,1,1,1,1,0,1,-1,1,1,0,1,1,1,1,1,-1,1,1,1,1,1,1
1885,1,-1,1,1,1,-1,0,-1,-1,1,1,1,1,0,0,-1,1,1,0,1,1,1,1,-1,-1,1,-1,1,0,1,-1
2142,1,-1,1,1,1,1,1,1,-1,1,1,1,1,1,0,-1,1,1,0,1,1,1,1,1,1,1,-1,1,0,1,1
9261,1,-1,1,1,1,-1,1,1,-1,1,1,1,-1,1,1,1,1,1,0,1,1,1,1,1,1,-1,-1,1,0,1,1
8419,-1,-1,1,-1,1,1,1,1,-1,-1,-1,-1,1,0,1,-1,-1,1,0,1,1,-1,-1,1,1,-1,-1,1,1,1,1
10118,-1,-1,1,1,1,-1,-1,-1,1,1,1,1,-1,-1,-1,-1,1,1,0,1,1,1,1,1,1,1,-1,-1,1,1,-1
4024,1,-1,1,1,1,-1,1,1,1,1,1,1,-1,1,0,-1,1,1,0,1,1,1,1,1,1,-1,-1,1,0,1,1
6335,-1,-1,-1,1,1,-1,0,0,1,1,1,1,-1,-1,0,-1,1,1,0,1,1,1,1,-1,1,-1,-1,1,0,-1,-1
7129,-1,1,-1,-1,-1,-1,-1,1,-1,-1,-1,-1,-1,0,1,1,-1,-1,0,-1,1,-1,1,1,-1,-1,-1,-1,1,1,1
5293,1,-1,1,1,1,1,-1,1,-1,1,1,1,1,1,0,-1,1,1,0,1,1,1,1,-1,1,1,-1,1,0,1,1
955,1,1,1,-1,1,-1,-1,1,-1,1,1,1,1,1,1,1,1,1,0,1,1,1,1,1,1,1,-1,1,0,1,1
7137,-1,-1,1,1,1,-1,1,1,-1,-1,1,1,1,1,1,1,1,1,1,1,1,-1,1,-1,1,1,-1,1,1,1,1
3781,1,-1,1,1,1,-1,1,1,1,-1,1,1,-1,0,0,-1,1,1,0,1,1,-1,1,1,-1,0,1,1,1,1,1
5610,1,-1,-1,1,-1,-1,0,1,1,1,1,-1,-1,0,1,-1,1,-1,0,1,1,1,1,-1,-1,1,1,-1,1,1,1
4204,1,-1,1,1,1,-1,0,0,-1,1,1,1,1,-1,-1,-1,1,1,0,1,1,1,1,1,1,-1,-1,1,0,1,-1
9840,1,-1,1,1,1,-1,-1,-1,-1,1,1,1,-1,-1,-1,0,1,1,0,1,1,1,1,1,1,1,-1,1,0,1,-1
6296,1,-1,1,1,1,-1,-1,1,-1,1,1,1,1,0,-1,1,1,1,0,1,1,1,1,-1,1,1,-1,1,0,1,1
10207,-1,-1,-1,1,-1,-1,1,1,-1,1,1,-1,1,0,0,0,1,-1,1,1,1,1,1,1,-1,-1,-1,1,1,1,1
6331,1,-1,1,1,1,-1,1,1,-1,1,1,1,-1,0,-1,1,1,1,0,1,1,1,1,-1,1,1,1,1,0,1,1
10514,1,-1,-1,-1,1,-1,1,1,1,1,1,1,1,0,0,0,1,1,0,1,1,1,1,1,1,-1,-1,1,0,1,1
10907,1,1,1,1,1,-1,1,1,-1,1,1,1,1,1,-1,1,1,1,0,1,1,1,1,1,1,1,1,-1,0,1,1
9523,-1,-1,1,1,1,-1,-1,1,1,1,1,1,-1,1,1,1,1,1,0,1,1,1,1,1,1,1,-1,1,1,1,1
10352,1,-1,1,1,1,-1,-1,1,-1,1,1,1,-1,0,-1,0,-1,1,0,1,1,1,1,1,1,-1,-1,1,0,1,1
2310,1,-1,1,1,1,-1,1,1,1,1,1,1,-1,0,0,-1,1,1,0,1,1,1,1,1,1,0,1,1,0,1,1
8854,1,-1,1,-1,1,-1,1,-1,-1,1,1,1,1,0,-1,0,1,1,0,1,1,1,1,-1,1,0,-1,1,0,1,-1
6938,1,-1,1,1,1,-1,0,-1,1,1,1,1,1,-1,-1,-1,1,1,1,1,1,1,1,-1,1,-1,1,1,0,1,-1
848,1,-1,1,1,1,-1,-1,1,1,1,1,1,1,1,0,-1,1,1,0,1,1,1,1,1,1,1,1,1,0,1,1
4590,1,-1,1,-1,1,-1,0,1,-1,1,1,1,1,0,1,-1,1,1,0,1,1,1,1,-1,1,1,1,1,0,1,1
9248,1,-1,1,1,1,-1,1,1,-1,1,1,1,1,1,1,1,1,1,0,1,1,1,1,1,1,-1,-1,1,0,-1,1
8128,1,-1,1,1,1,-1,-1,1,-1,1,1,1,1,1,0,1,1,1,0,1,1,1,1,-1,1,1,-1,1,0,1,1
8622,-1,-1,1,1,1,-1,-1,1,-1,1,1,1,-1,-1,0,-1,1,1,0,1,1,1,1,1,1,1,-1,1,0,1,-1
2083,1,-1,1,1,1,-1,-1,1,-1,1,1,1,1,0,0,-1,1,1,0,1,1,1,1,1,1,1,1,1,0,1,1
4179,1,-1,1,1,1,-1,-1,-1,-1,1,1,1,1,0,-1,-1,-1,1,0,1,1,1,1,1,-1,1,-1,1,-1,1,-1
874,-1,-1,-1,1,-1,-1,1,-1,1,-1,-1,-1,-1,-1,1,-1,-1,-1,1,-1,1,-1,-1,-1,-1,-1,-1,-1,1,-1,-1
821,1,-1,1,1,1,-1,-1,-1,1,1,1,1,-1,-1,-1,-1,1,1,0,1,1,1,1,-1,-1,0,-1,1,0,1,-1
3363,-1,-1,-1,1,-1,-1,1,1,-1,1,1,-1,1,1,-1,-1,1,-1,1,1,1,1,1,1,-1,1,-1,1,1,1,1
1445,1,-1,1,1,1,-1,-1,-1,-1,1,1,1,-1,0,-1,-1,1,1,0,1,1,1,1,1,-1,-1,1,1,0,1,-1
1664,1,-1,1,1,1,-1,-1,1,-1,1,1,1,1,0,-1,-1,1,1,0,1,1,1,1,1,1,0,-1,1,0,1,1
8628,-1,-1,1,1,1,-1,0,-1,1,1,1,1,-1,-1,-1,-1,1,1,0,1,1,1,1,1,1,1,-1,-1,0,-1,-1
9119,1,-1,1,1,1,-1,0,-1,1,1,1,1,-1,-1,-1,-1,1,1,0,1,1,1,1,1,1,1,-1,-1,0,1,-1
2881,1,-1,1,-1,1,-1,-1,-1,1,1,1,1,-1,-1,0,-1,1,1,0,1,1,1,1,1,-1,-1,-1,1,0,1,-1
6245,1,-1,1,1,1,-1,-1,1,-1,1,1,1,1,1,0,0,1,1,0,1,1,1,1,-1,1,1,-1,1,0,1,1
4694,1,-1,1,1,1,-1,0,1,1,1,1,1,-1,0,1,-1,1,1,0,1,1,1,1,-1,-1,1,-1,1,1,1,1
10023,-1,1,1,-1,1,1,1,1,-1,1,1,1,1,1,-1,-1,-1,-1,0,1,1,1,1,1,1,-1,1,-1,1,1,1
9688,-1,-1,1,1,1,-1,1,1,-1,1,1,1,1,1,1,0,1,1,0,1,1,1,1,1,1,1,-1,1,0,1,1
6429,-1,-1,1,1,1,-1,0,1,-1,1,1,1,1,0,-1,-1,1,1,1,1,1,1,1,-1,1,0,-1,1,1,1,1
214,1,-1,1,1,1,-1,0,1,-1,1,1,1,1,0,1,-1,1,1,0,1,1,1,1,-1,1,1,-1,1,0,1,1
6255,-1,-1,1,1,1,-1,0,-1,1,1,1,1,-1,-1,-1,-1,1,1,0,1,1,1,1,-1,1,-1,1,1,0,1,-1
5792,1,-1,1,1,1,-1,0,1,-1,1,1,1,-1,0,0,1,1,1,0,1,1,1,1,-1,1,1,1,1,0,1,1
8319,-1,0,-1,1,1,-1,1,1,-1,1,1,-1,1,0,1,1,1,1,0,1,1,1,1,1,1,1,-1,1,0,1,1
5080,1,1,1,1,1,-1,0,1,-1,1,1,1,1,0,0,0,1,-1,1,1,1,1,1,-1,1,1,-1,1,0,1,1
5478,1,1,1,1,1,-1,1,1,-1,1,1,1,1,1,1,-1,1,1,0,1,1,1,1,1,1,1,-1,1,0,-1,1
2835,1,0,1,-1,1,-1,-1,1,-1,-1,1,-1,-1,-1,0,-1,1,1,0,-1,1,-1,-1,-1,-1,0,-1,1,0,1,-1
10982,1,-1,1,-1,1,1,1,1,-1,-1,-1,1,1,1,1,-1,-1,1,0,-1,-1,-1,-1,1,1,-1,-1,1,1,1,1
10955,1,-1,1,1,1,-1,0,1,-1,1,1,1,1,1,0,-1,1,1,0,1,1,1,1,1,1,0,-1,1,0,1,1
9752,-1,-1,-1,1,-1,-1,-1,0,1,1,1,-1,-1,-1,-1,-1,1,-1,1,1,1,1,1,1,-1,-1,-1,1,0,1,-1
2406,-1,-1,-1,1,-1,-1,1,1,-1,1,1,-1,1,1,0,-1,1,-1,1,1,1,1,1,1,-1,1,-1,1,1,1,1
2193,1,-1,-1,-1,1,-1,1,1,-1,1,1,-1,-1,0,0,-1,1,1,0,1,1,1,1,1,1,-1,-1,1,0,1,1
6757,-1,-1,1,1,1,-1,1,1,-1,1,1,1,1,0,1,1,1,1,0,1,1,1,1,-1,1,1,1,1,1,1,1
2394,1,1,1,1,1,-1,-1,-1,-1,1,1,1,1,-1,-1,1,1,1,0,1,1,1,1,-1,-1,-1,-1,1,1,1,-1
4253,1,-1,1,1,-1,-1,0,-1,1,1,1,1,-1,-1,0,-1,1,1,0,1,1,1,1,-1,-1,-1,-1,1,0,1,-1
8258,1,1,1,1,1,-1,-1,1,-1,1,1,1,1,0,0,0,1,-1,0,1,1,1,1,1,1,-1,-1,-1,0,-1,1
1273,1,0,1,1,1,-1,-1,-1,1,1,1,-1,-1,0,-1,-1,1,1,0,1,1,1,1,-1,1,0,-1,-1,0,1,-1
1083,1,-1,1,1,1,-1,-1,-1,-1,1,1,1,-1,0,-1,-1,1,1,0,1,1,1,1,-1,-1,-1,-1,1,1,1,-1
1344,1,-1,1,1,1,-1,0,1,-1,-1,-1,1,1,0,-1,-1,-1,1,0,-1,1,-1,-1,-1,-1,1,1,1,1,-1,1
8681,-1,-1,1,1,1,-1,-1,1,-1,1,1,1,1,-1,-1,-1,1,1,0,1,1,1,1,1,1,1,-1,-1,0,1,-1
8395,-1,-1,1,1,1,-1,-1,0,-1,1,1,1,1,-1,-1,-1,1,1,0,1,1,1,1,1,1,1,-1,1,1,1,-1
3650,1,-1,1,1,1,-1,-1,-1,-1,-1,1,1,1,0,0,-1,1,1,0,1,1,-1,1,-1,-1,0,1,1,1,1,-1
5532,-1,-1,1,1,1,-1,1,1,-1,1,1,1,1,1,0,1,1,1,0,1,1,1,1,-1,1,1,-1,1,1,1,1
9511,-1,-1,-1,1,-1,1,1,1,-1,1,1,-1,1,0,-1,-1,1,-1,1,1,1,1,1,1,-1,1,-1,1,1,1,1
5875,-1,-1,1,1,1,-1,0,-1,1,1,1,1,-1,0,-1,-1,1,1,0,1,1,1,1,-1,1,1,-1,1,1,1,-1
9724,1,-1,1,1,1,-1,-1,-1,1,1,1,1,1,0,-1,-1,1,1,0,1,1,1,1,1,1,-1,-1,1,1,1,-1
7288,1,-1,1,1,1,-1,1,1,-1,1,1,1,1,0,-1,-1,1,1,0,1,1,1,1,-1,1,0,1,1,0,1,1
1926,1,-1,1,1,1,-1,1,1,-1,1,1,1,1,1,0,-1,1,1,0,1,1,1,1,1,1,1,-1,1,0,1,1
9199,1,-1,1,1,1,1,1,1,1,1,1,1,-1,1,1,-1,1,1,0,1,1,1,1,1,1,1,-1,1,0,1,1
8590,-1,-1,1,1,1,-1,-1,0,-1,1,1,1,-1,-1,-1,-1,1,-1,0,1,1,1,1,1,1,1,-1,-1,0,1,-1
10226,-1,-1,1,1,1,-1,0,-1,-1,1,1,1,-1,0,-1,-1,1,1,0,1,1,1,1,-1,1,1,-1,1,1,1,-1
125,1,-1,1,1,1,-1,1,1,-1,1,1,1,1,0,1,-1,1,1,0,1,1,1,1,1,-1,0,-1,1,-1,1,-1
8352,-1,-1,1,-1,1,1,1,1,1,-1,-1,1,-1,0,1,-1,-1,1,0,-1,1,-1,-1,1,1,-1,-1,1,1,1,1
9719,-1,-1,1,1,1,-1,-1,1,1,1,1,1,-1,-1,-1,-1,1,1,0,1,1,1,1,1,1,1,-1,1,1,1,-1
4459,1,-1,1,1,1,-1,-1,1,-1,-1,-1,1,1,0,0,-1,-1,1,0,-1,-1,-1,-1,1,-1,1,-1,1,1,-1,1
234,1,-1,1,1,1,-1,1,1,-1,1,1,1,1,0,1,-1,1,1,0,1,1,1,1,1,1,-1,1,1,-1,1,1
226,1,-1,1,1,1,1,-1,1,1,1,1,1,-1,1,0,-1,-1,1,0,1,1,1,1,1,-1,-1,-1,1,1,1,1
6231,-1,-1,1,-1,1,-1,1,1,-1,-1,1,-1,1,0,-1,1,-1,-1,0,-1,1,-1,-1,-1,1,1,-1,1,0,1,1
2972,-1,-1,-1,1,-1,-1,-1,1,-1,1,1,-1,1,0,0,-1,1,-1,1,1,1,1,1,1,-1,1,1,1,1,1,1
10070,-1,-1,1,1,1,-1,0,-1,1,1,1,1,-1,0,-1,-1,1,1,0,1,1,1,1,-1,1,1,-1,1,0,1,-1
8168,1,-1,1,1,1,-1,0,-1,-1,1,1,1,-1,0,-1,-1,1,1,1,1,1,1,1,-1,1,1,1,1,0,1,-1
6250,-1,-1,1,1,1,-1,0,-1,-1,1,1,1,-1,-1,0,-1,1,1,0,1,1,1,1,-1,1,0,1,1,0,1,-1
6251,-1,-1,1,-1,1,1,-1,1,1,-1,-1,1,-1,1,-1,-1,-1,1,0,-1,-1,-1,-1,-1,1,1,1,1,1,1,1
9403,-1,-1,1,-1,1,-1,1,1,-1,-1,1,-1,1,0,-1,1,-1,-1,0,-1,1,-1,-1,1,1,-1,-1,1,0,1,1
612,1,-1,1,1,1,-1,-1,-1,-1,1,1,1,-1,1,0,-1,1,1,0,1,1,1,1,-1,-1,-1,-1,-1,1,1,-1
9666,-1,-1,1,1,1,-1,-1,1,1,1,1,1,1,0,1,-1,1,1,0,1,1,1,1,1,1,-1,-1,1,1,1,1
5306,-1,-1,1,1,1,-1,0,-1,1,1,1,1,-1,1,-1,-1,1,-1,0,1,1,1,1,-1,1,-1,1,1,0,-1,-1
3439,1,-1,1,1,1,-1,-1,-1,1,1,1,1,-1,0,-1,-1,1,1,0,1,1,1,1,1,1,0,-1,-1,0,1,-1
1622,1,-1,1,1,1,-1,-1,-1,1,1,1,1,-1,-1,-1,-1,1,1,0,1,1,1,1,-1,-1,0,-1,1,1,1,-1
1477,1,-1,1,-1,1,-1,-1,1,-1,1,1,1,1,1,1,-1,1,1,0,1,1,1,1,1,1,1,-1,1,0,1,1
2719,1,-1,1,1,1,-1,-1,1,-1,1,1,1,1,0,-1,-1,1,1,0,1,1,1,1,-1,1,1,-1,1,0,1,1
2111,1,-1,1,1,1,-1,-1,1,-1,1,1,1,1,0,0,-1,1,1,0,1,1,1,1,-1,-1,0,-1,1,0,1,-1
9773,1,-1,1,1,1,-1,1,1,-1,1,1,1,1,1,1,-1,1,1,0,1,1,1,1,1,1,-1,-1,1,0,-1,1
8514,-1,-1,1,1,-1,-1,-1,0,1,1,1,1,-1,1,-1,1,1,1,0,1,1,1,1,1,1,0,-1,1,-1,1,-1
10866,1,1,1,-1,1,-1,1,1,-1,-1,-1,1,1,1,0,1,-1,1,0,1,1,-1,1,1,1,1,1,1,1,1,1
2699,1,-1,1,-1,1,-1,0,-1,1,-1,-1,1,1,-1,1,-1,-1,1,0,-1,-1,-1,-1,-1,-1,-1,-1,1,0,-1,-1
10349,1,1,1,1,1,-1,1,1,-1,1,1,1,1,0,1,-1,1,1,0,1,1,1,1,-1,1,-1,1,1,0,-1,1
614,1,-1,1,1,1,-1,1,1,-1,1,1,1,1,1,0,-1,1,1,0,1,1,1,1,1,1,1,1,1,0,1,1
3264,1,-1,1,1,1,-1,0,1,1,1,1,1,-1,0,-1,-1,1,1,0,1,1,1,1,1,-1,1,-1,1,1,1,1
6103,-1,1,1,1,1,-1,1,1,-1,-1,1,1,1,0,1,-1,1,1,0,1,1,-1,1,1,1,1,-1,1,1,1,1
6862,1,-1,1,1,1,-1,0,-1,-1,1,1,1,1,0,-1,-1,1,1,0,1,1,1,1,-1,1,0,-1,1,0,1,1
